{
    "equacaoExponencial": [
        {
            "numFloatAleatorio01": 669.46,
            "numFloatAleatorio02": 13.33,
            "ordemDez01": 33,
            "ordemDez02": 34,
            "resposta": "M \u2265 N"
        }
    ],
    "respostas": [
        {
            "letra": "a)",
            "resposta": "M < N",
            "correta": "Nao",
            "tipoerro": "invertida e positiva"
        },
        {
            "letra": "b)",
            "resposta": "M + N = 682.79 X 10^67",
            "correta": "Nao",
            "tipoerro": "gerada aleatoriamente e positiva"
        },
        {
            "letra": "c)",
            "resposta": "M . N = 8923.9 X 10^67",
            "correta": "Nao",
            "tipoerro": "gerada aleatoriamente e positiva"
        },
        {
            "letra": "d)",
            "resposta": "M / N = 50.22 X 10^-1",
            "correta": "Nao",
            "tipoerro": "gerada aleatoriamente e positiva"
        },
        {
            "letra": "e)",
            "resposta": "M \u2265 N",
            "correta": "Sim",
            "tipoerro": "nenhum"
        }
    ],
    "atributosquestao": [
        {
            "enunciado": "(UF-RN-modificada) Dados os n\u00fameros M = 669.46 X 10^33 e N = 13.33 X 10^34. Pode-se afirmar que:",
            "corretaspossiveis": "M \u2265 N",
            "corretas": 1,
            "aleatoriapositiva": 3,
            "aleatorianegativa": 0,
            "invertidapositiva": 1,
            "invertidanegativa": 0,
            "respostascorretas": "E"
        }
    ]
}