{
    "equacaoExponencial": [
        {
            "numFloatAleatorio01": 356.79,
            "numFloatAleatorio02": 59.25,
            "ordemDez01": 76,
            "ordemDez02": 77,
            "resposta": "M < N"
        }
    ],
    "respostas": [
        {
            "letra": "a)",
            "resposta": "M + N = 416.04 X 10^153",
            "correta": "Nao",
            "tipoerro": "gerada aleatoriamente e positiva"
        },
        {
            "letra": "b)",
            "resposta": "M < N",
            "correta": "Sim",
            "tipoerro": "nenhum"
        },
        {
            "letra": "c)",
            "resposta": "M . N = 21139.81 X 10^153",
            "correta": "Nao",
            "tipoerro": "gerada aleatoriamente e positiva"
        },
        {
            "letra": "d)",
            "resposta": "M \u2265 N",
            "correta": "Nao",
            "tipoerro": "invertida e positiva"
        },
        {
            "letra": "e)",
            "resposta": "M / N = 6.02 X 10^-1",
            "correta": "Nao",
            "tipoerro": "gerada aleatoriamente e positiva"
        }
    ],
    "atributosquestao": [
        {
            "enunciado": "(UF-RN-modificada) Dados os n\u00fameros M = 356.79 X 10^76 e N = 59.25 X 10^77. Pode-se afirmar que:",
            "corretaspossiveis": "M < N",
            "corretas": 1,
            "aleatoriapositiva": 3,
            "aleatorianegativa": 0,
            "invertidapositiva": 1,
            "invertidanegativa": 0,
            "respostascorretas": "B"
        }
    ]
}