{
    "equacaoExponencial": [
        {
            "numFloatAleatorio01": 787.25,
            "numFloatAleatorio02": 48.94,
            "ordemDez01": 59,
            "ordemDez02": 60,
            "resposta": "M \u2265 N"
        }
    ],
    "respostas": [
        {
            "letra": "a)",
            "resposta": "M + N = 836.19 X 10^119",
            "correta": "Nao",
            "tipoerro": "gerada aleatoriamente e positiva"
        },
        {
            "letra": "b)",
            "resposta": "M < N",
            "correta": "Nao",
            "tipoerro": "invertida e positiva"
        },
        {
            "letra": "c)",
            "resposta": "M \u2265 N",
            "correta": "Sim",
            "tipoerro": "nenhum"
        },
        {
            "letra": "d)",
            "resposta": "M . N = 38528.01 X 10^119",
            "correta": "Nao",
            "tipoerro": "gerada aleatoriamente e positiva"
        },
        {
            "letra": "e)",
            "resposta": "M / N = 16.09 X 10^-1",
            "correta": "Nao",
            "tipoerro": "gerada aleatoriamente e positiva"
        }
    ],
    "atributosquestao": [
        {
            "enunciado": "(UF-RN-modificada) Dados os n\u00fameros M = 787.25 X 10^59 e N = 48.94 X 10^60. Pode-se afirmar que:",
            "corretaspossiveis": "M \u2265 N",
            "corretas": 1,
            "aleatoriapositiva": 3,
            "aleatorianegativa": 0,
            "invertidapositiva": 1,
            "invertidanegativa": 0,
            "respostascorretas": "C"
        }
    ]
}