{
    "equacaoExponencial": [
        {
            "numFloatAleatorio01": 354.42,
            "numFloatAleatorio02": 98.93,
            "ordemDez01": 86,
            "ordemDez02": 87,
            "resposta": "M < N"
        }
    ],
    "respostas": [
        {
            "letra": "a)",
            "resposta": "M \u2265 N",
            "correta": "Nao",
            "tipoerro": "invertida e positiva"
        },
        {
            "letra": "b)",
            "resposta": "M + N = 453.35 X 10^173",
            "correta": "Nao",
            "tipoerro": "gerada aleatoriamente e positiva"
        },
        {
            "letra": "c)",
            "resposta": "M < N",
            "correta": "Sim",
            "tipoerro": "nenhum"
        },
        {
            "letra": "d)",
            "resposta": "M . N = 35062.77 X 10^173",
            "correta": "Nao",
            "tipoerro": "gerada aleatoriamente e positiva"
        },
        {
            "letra": "e)",
            "resposta": "M / N = 3.58 X 10^-1",
            "correta": "Nao",
            "tipoerro": "gerada aleatoriamente e positiva"
        }
    ],
    "atributosquestao": [
        {
            "enunciado": "(UF-RN-modificada) Dados os n\u00fameros M = 354.42 X 10^86 e N = 98.93 X 10^87. Pode-se afirmar que:",
            "corretaspossiveis": "M < N",
            "corretas": 1,
            "aleatoriapositiva": 3,
            "aleatorianegativa": 0,
            "invertidapositiva": 1,
            "invertidanegativa": 0,
            "respostascorretas": "C"
        }
    ]
}