{
    "equacaoExponencial": [
        {
            "numFloatAleatorio01": 538.12,
            "numFloatAleatorio02": 12.28,
            "ordemDez01": 24,
            "ordemDez02": 25,
            "resposta": "M \u2265 N"
        }
    ],
    "respostas": [
        {
            "letra": "a)",
            "resposta": "M + N = 550.4 X 10^49",
            "correta": "Nao",
            "tipoerro": "gerada aleatoriamente e positiva"
        },
        {
            "letra": "b)",
            "resposta": "M \u2265 N",
            "correta": "Sim",
            "tipoerro": "nenhum"
        },
        {
            "letra": "c)",
            "resposta": "M . N = 6608.11 X 10^49",
            "correta": "Nao",
            "tipoerro": "gerada aleatoriamente e positiva"
        },
        {
            "letra": "d)",
            "resposta": "M / N = 43.82 X 10^-1",
            "correta": "Nao",
            "tipoerro": "gerada aleatoriamente e positiva"
        },
        {
            "letra": "e)",
            "resposta": "M < N",
            "correta": "Nao",
            "tipoerro": "invertida e positiva"
        }
    ],
    "atributosquestao": [
        {
            "enunciado": "(UF-RN-modificada) Dados os n\u00fameros M = 538.12 X 10^24 e N = 12.28 X 10^25. Pode-se afirmar que:",
            "corretaspossiveis": "M \u2265 N",
            "corretas": 1,
            "aleatoriapositiva": 3,
            "aleatorianegativa": 0,
            "invertidapositiva": 1,
            "invertidanegativa": 0,
            "respostascorretas": "B"
        }
    ]
}