{
    "logaritmo": [
        {
            "taxaMes": 49,
            "valMultiplicadorMonteInicial": 870,
            "logTaxaMes": 0.17,
            "logValMultiplicadorMonteInicial": 2.94,
            "resposta": 17
        }
    ],
    "respostas": [
        {
            "letra": "a)",
            "resposta": 25,
            "correta": "Nao",
            "tipoerro": "gerada aleatoriamente e positiva"
        },
        {
            "letra": "b)",
            "resposta": 13,
            "correta": "Nao",
            "tipoerro": "gerada aleatoriamente e positiva"
        },
        {
            "letra": "c)",
            "resposta": 16,
            "correta": "Nao",
            "tipoerro": "gerada aleatoriamente e positiva"
        },
        {
            "letra": "d)",
            "resposta": 17,
            "correta": "Sim",
            "tipoerro": "nenhum"
        },
        {
            "letra": "e)",
            "resposta": 12,
            "correta": "Nao",
            "tipoerro": "gerada aleatoriamente e positiva"
        }
    ],
    "atributosquestao": [
        {
            "enunciado": "O valor C de um capital (empregado a uma taxa i de juros capitalizados periodicamente ao fim do per\u00edodo), ap\u00f3s t per\u00edodos, \u00e9 dado por C = C0.(1 + i)^t, em que C0 \u00e9 o valor inicial.\nQual \u00e9 o tempo necess\u00e1rio para que um capital empregado \u00e0 taxa de 49% ao m\u00eas, com juros capitalizados mensalmente, seja multiplicado por 870?\nAdmita que log1.49 = 0.17 e log870 = 2.94",
            "corretaspossiveis": 17,
            "corretas": 1,
            "aleatoriapositiva": 4,
            "aleatorianegativa": 0,
            "invertidapositiva": 0,
            "invertidanegativa": 0,
            "respostascorretas": "D"
        }
    ]
}