{
    "logaritmo": [
        {
            "taxaMes": 63,
            "valMultiplicadorMonteInicial": 651,
            "logTaxaMes": 0.21,
            "logValMultiplicadorMonteInicial": 2.81,
            "resposta": 13
        }
    ],
    "respostas": [
        {
            "letra": "a)",
            "resposta": 13,
            "correta": "Sim",
            "tipoerro": "nenhum"
        },
        {
            "letra": "b)",
            "resposta": -17,
            "correta": "Nao",
            "tipoerro": "gerada aleatoriamente e negativa"
        },
        {
            "letra": "c)",
            "resposta": 12,
            "correta": "Nao",
            "tipoerro": "gerada aleatoriamente e positiva"
        },
        {
            "letra": "d)",
            "resposta": 9,
            "correta": "Nao",
            "tipoerro": "gerada aleatoriamente e positiva"
        },
        {
            "letra": "e)",
            "resposta": -74,
            "correta": "Nao",
            "tipoerro": "invertida e negativa"
        }
    ],
    "atributosquestao": [
        {
            "enunciado": "O valor C de um capital (empregado a uma taxa i de juros capitalizados periodicamente ao fim do per\u00edodo), ap\u00f3s t per\u00edodos, \u00e9 dado por C = C0.(1 + i)^t, em que C0 \u00e9 o valor inicial.\nQual \u00e9 o tempo necess\u00e1rio para que um capital empregado \u00e0 taxa de 63% ao m\u00eas, com juros capitalizados mensalmente, seja multiplicado por 651?\nAdmita que log1.63 = 0.21 e log651 = 2.81",
            "corretaspossiveis": 13,
            "corretas": 1,
            "aleatoriapositiva": 2,
            "aleatorianegativa": 1,
            "invertidapositiva": 0,
            "invertidanegativa": 1,
            "respostascorretas": "A"
        }
    ]
}