{
    "logaritmo": [
        {
            "taxaMes": 71,
            "valMultiplicadorMonteInicial": 484,
            "logTaxaMes": 0.23,
            "logValMultiplicadorMonteInicial": 2.68,
            "resposta": 11
        }
    ],
    "respostas": [
        {
            "letra": "a)",
            "resposta": -9,
            "correta": "Nao",
            "tipoerro": "gerada aleatoriamente e negativa"
        },
        {
            "letra": "b)",
            "resposta": 27,
            "correta": "Nao",
            "tipoerro": "gerada aleatoriamente e positiva"
        },
        {
            "letra": "c)",
            "resposta": 11,
            "correta": "Sim",
            "tipoerro": "nenhum"
        },
        {
            "letra": "d)",
            "resposta": -13,
            "correta": "Nao",
            "tipoerro": "gerada aleatoriamente e negativa"
        },
        {
            "letra": "e)",
            "resposta": -80,
            "correta": "Nao",
            "tipoerro": "gerada aleatoriamente e negativa"
        }
    ],
    "atributosquestao": [
        {
            "enunciado": "O valor C de um capital (empregado a uma taxa i de juros capitalizados periodicamente ao fim do per\u00edodo), ap\u00f3s t per\u00edodos, \u00e9 dado por C = C0.(1 + i)^t, em que C0 \u00e9 o valor inicial.\nQual \u00e9 o tempo necess\u00e1rio para que um capital empregado \u00e0 taxa de 71% ao m\u00eas, com juros capitalizados mensalmente, seja multiplicado por 484?\nAdmita que log1.71 = 0.23 e log484 = 2.68",
            "corretaspossiveis": 11,
            "corretas": 1,
            "aleatoriapositiva": 1,
            "aleatorianegativa": 3,
            "invertidapositiva": 0,
            "invertidanegativa": 0,
            "respostascorretas": "C"
        }
    ]
}