{
    "logaritmo": [
        {
            "taxaMes": 77,
            "valMultiplicadorMonteInicial": 642,
            "logTaxaMes": 0.25,
            "logValMultiplicadorMonteInicial": 2.81,
            "resposta": 11
        }
    ],
    "respostas": [
        {
            "letra": "a)",
            "resposta": 19,
            "correta": "Nao",
            "tipoerro": "gerada aleatoriamente e positiva"
        },
        {
            "letra": "b)",
            "resposta": 15,
            "correta": "Nao",
            "tipoerro": "gerada aleatoriamente e positiva"
        },
        {
            "letra": "c)",
            "resposta": 8,
            "correta": "Nao",
            "tipoerro": "gerada aleatoriamente e positiva"
        },
        {
            "letra": "d)",
            "resposta": 11,
            "correta": "Sim",
            "tipoerro": "nenhum"
        },
        {
            "letra": "e)",
            "resposta": -102,
            "correta": "Nao",
            "tipoerro": "gerada aleatoriamente e negativa"
        }
    ],
    "atributosquestao": [
        {
            "enunciado": "O valor C de um capital (empregado a uma taxa i de juros capitalizados periodicamente ao fim do per\u00edodo), ap\u00f3s t per\u00edodos, \u00e9 dado por C = C0.(1 + i)^t, em que C0 \u00e9 o valor inicial.\nQual \u00e9 o tempo necess\u00e1rio para que um capital empregado \u00e0 taxa de 77% ao m\u00eas, com juros capitalizados mensalmente, seja multiplicado por 642?\nAdmita que log1.77 = 0.25 e log642 = 2.81",
            "corretaspossiveis": 11,
            "corretas": 1,
            "aleatoriapositiva": 3,
            "aleatorianegativa": 1,
            "invertidapositiva": 0,
            "invertidanegativa": 0,
            "respostascorretas": "D"
        }
    ]
}