{
    "logaritmo": [
        {
            "taxaMes": 7,
            "valMultiplicadorMonteInicial": 615,
            "logTaxaMes": 0.03,
            "logValMultiplicadorMonteInicial": 2.79,
            "resposta": 93
        }
    ],
    "respostas": [
        {
            "letra": "a)",
            "resposta": -12,
            "correta": "Nao",
            "tipoerro": "gerada aleatoriamente e negativa"
        },
        {
            "letra": "b)",
            "resposta": 93,
            "correta": "Sim",
            "tipoerro": "nenhum"
        },
        {
            "letra": "c)",
            "resposta": -10,
            "correta": "Nao",
            "tipoerro": "invertida e negativa"
        },
        {
            "letra": "d)",
            "resposta": 96,
            "correta": "Nao",
            "tipoerro": "gerada aleatoriamente e positiva"
        },
        {
            "letra": "e)",
            "resposta": -19,
            "correta": "Nao",
            "tipoerro": "gerada aleatoriamente e negativa"
        }
    ],
    "atributosquestao": [
        {
            "enunciado": "O valor C de um capital (empregado a uma taxa i de juros capitalizados periodicamente ao fim do per\u00edodo), ap\u00f3s t per\u00edodos, \u00e9 dado por C = C0.(1 + i)^t, em que C0 \u00e9 o valor inicial.\nQual \u00e9 o tempo necess\u00e1rio para que um capital empregado \u00e0 taxa de 7% ao m\u00eas, com juros capitalizados mensalmente, seja multiplicado por 615?\nAdmita que log1.07 = 0.03 e log615 = 2.79",
            "corretaspossiveis": 93,
            "corretas": 1,
            "aleatoriapositiva": 1,
            "aleatorianegativa": 2,
            "invertidapositiva": 0,
            "invertidanegativa": 1,
            "respostascorretas": "B"
        }
    ]
}