{
    "logaritmo": [
        {
            "taxaMes": 45,
            "valMultiplicadorMonteInicial": 409,
            "logTaxaMes": 0.16,
            "logValMultiplicadorMonteInicial": 2.61,
            "resposta": 16
        }
    ],
    "respostas": [
        {
            "letra": "a)",
            "resposta": -61,
            "correta": "Nao",
            "tipoerro": "invertida e negativa"
        },
        {
            "letra": "b)",
            "resposta": -23,
            "correta": "Nao",
            "tipoerro": "gerada aleatoriamente e negativa"
        },
        {
            "letra": "c)",
            "resposta": 77,
            "correta": "Nao",
            "tipoerro": "gerada aleatoriamente e positiva"
        },
        {
            "letra": "d)",
            "resposta": 16,
            "correta": "Sim",
            "tipoerro": "nenhum"
        },
        {
            "letra": "e)",
            "resposta": -11,
            "correta": "Nao",
            "tipoerro": "gerada aleatoriamente e negativa"
        }
    ],
    "atributosquestao": [
        {
            "enunciado": "O valor C de um capital (empregado a uma taxa i de juros capitalizados periodicamente ao fim do per\u00edodo), ap\u00f3s t per\u00edodos, \u00e9 dado por C = C0.(1 + i)^t, em que C0 \u00e9 o valor inicial.\nQual \u00e9 o tempo necess\u00e1rio para que um capital empregado \u00e0 taxa de 45% ao m\u00eas, com juros capitalizados mensalmente, seja multiplicado por 409?\nAdmita que log1.45 = 0.16 e log409 = 2.61",
            "corretaspossiveis": 16,
            "corretas": 1,
            "aleatoriapositiva": 1,
            "aleatorianegativa": 2,
            "invertidapositiva": 0,
            "invertidanegativa": 1,
            "respostascorretas": "D"
        }
    ]
}