{
    "logaritmo": [
        {
            "taxaMes": 2,
            "valMultiplicadorMonteInicial": 895,
            "logTaxaMes": 0.01,
            "logValMultiplicadorMonteInicial": 2.95,
            "resposta": 295
        }
    ],
    "respostas": [
        {
            "letra": "a)",
            "resposta": 295,
            "correta": "Sim",
            "tipoerro": "nenhum"
        },
        {
            "letra": "b)",
            "resposta": 53,
            "correta": "Nao",
            "tipoerro": "gerada aleatoriamente e positiva"
        },
        {
            "letra": "c)",
            "resposta": 12,
            "correta": "Nao",
            "tipoerro": "gerada aleatoriamente e positiva"
        },
        {
            "letra": "d)",
            "resposta": -14,
            "correta": "Nao",
            "tipoerro": "gerada aleatoriamente e negativa"
        },
        {
            "letra": "e)",
            "resposta": 3,
            "correta": "Nao",
            "tipoerro": "invertida e positiva"
        }
    ],
    "atributosquestao": [
        {
            "enunciado": "O valor C de um capital (empregado a uma taxa i de juros capitalizados periodicamente ao fim do per\u00edodo), ap\u00f3s t per\u00edodos, \u00e9 dado por C = C0.(1 + i)^t, em que C0 \u00e9 o valor inicial.\nQual \u00e9 o tempo necess\u00e1rio para que um capital empregado \u00e0 taxa de 2% ao m\u00eas, com juros capitalizados mensalmente, seja multiplicado por 895?\nAdmita que log1.02 = 0.01 e log895 = 2.95",
            "corretaspossiveis": 295,
            "corretas": 1,
            "aleatoriapositiva": 2,
            "aleatorianegativa": 1,
            "invertidapositiva": 1,
            "invertidanegativa": 0,
            "respostascorretas": "A"
        }
    ]
}