{
    "logaritmo": [
        {
            "taxaMes": 85,
            "valMultiplicadorMonteInicial": 286,
            "logTaxaMes": 0.27,
            "logValMultiplicadorMonteInicial": 2.46,
            "resposta": 9
        }
    ],
    "respostas": [
        {
            "letra": "a)",
            "resposta": 9,
            "correta": "Sim",
            "tipoerro": "nenhum"
        },
        {
            "letra": "b)",
            "resposta": 77,
            "correta": "Nao",
            "tipoerro": "gerada aleatoriamente e positiva"
        },
        {
            "letra": "c)",
            "resposta": -93,
            "correta": "Nao",
            "tipoerro": "gerada aleatoriamente e negativa"
        },
        {
            "letra": "d)",
            "resposta": 25,
            "correta": "Nao",
            "tipoerro": "gerada aleatoriamente e positiva"
        },
        {
            "letra": "e)",
            "resposta": -24,
            "correta": "Nao",
            "tipoerro": "gerada aleatoriamente e negativa"
        }
    ],
    "atributosquestao": [
        {
            "enunciado": "O valor C de um capital (empregado a uma taxa i de juros capitalizados periodicamente ao fim do per\u00edodo), ap\u00f3s t per\u00edodos, \u00e9 dado por C = C0.(1 + i)^t, em que C0 \u00e9 o valor inicial.\nQual \u00e9 o tempo necess\u00e1rio para que um capital empregado \u00e0 taxa de 85% ao m\u00eas, com juros capitalizados mensalmente, seja multiplicado por 286?\nAdmita que log1.85 = 0.27 e log286 = 2.46",
            "corretaspossiveis": 9,
            "corretas": 1,
            "aleatoriapositiva": 2,
            "aleatorianegativa": 2,
            "invertidapositiva": 0,
            "invertidanegativa": 0,
            "respostascorretas": "A"
        }
    ]
}