{
    "logaritmo": [
        {
            "taxaMes": 59,
            "valMultiplicadorMonteInicial": 326,
            "logTaxaMes": 0.2,
            "logValMultiplicadorMonteInicial": 2.51,
            "resposta": 12
        }
    ],
    "respostas": [
        {
            "letra": "a)",
            "resposta": 87,
            "correta": "Nao",
            "tipoerro": "gerada aleatoriamente e positiva"
        },
        {
            "letra": "b)",
            "resposta": 4,
            "correta": "Nao",
            "tipoerro": "gerada aleatoriamente e positiva"
        },
        {
            "letra": "c)",
            "resposta": 12,
            "correta": "Sim",
            "tipoerro": "nenhum"
        },
        {
            "letra": "d)",
            "resposta": -25,
            "correta": "Nao",
            "tipoerro": "gerada aleatoriamente e negativa"
        },
        {
            "letra": "e)",
            "resposta": -79,
            "correta": "Nao",
            "tipoerro": "invertida e negativa"
        }
    ],
    "atributosquestao": [
        {
            "enunciado": "O valor C de um capital (empregado a uma taxa i de juros capitalizados periodicamente ao fim do per\u00edodo), ap\u00f3s t per\u00edodos, \u00e9 dado por C = C0.(1 + i)^t, em que C0 \u00e9 o valor inicial.\nQual \u00e9 o tempo necess\u00e1rio para que um capital empregado \u00e0 taxa de 59% ao m\u00eas, com juros capitalizados mensalmente, seja multiplicado por 326?\nAdmita que log1.5899999999999999 = 0.2 e log326 = 2.51",
            "corretaspossiveis": 12,
            "corretas": 1,
            "aleatoriapositiva": 2,
            "aleatorianegativa": 1,
            "invertidapositiva": 0,
            "invertidanegativa": 1,
            "respostascorretas": "C"
        }
    ]
}