{
    "logaritmo": [
        {
            "taxaMes": 25,
            "valMultiplicadorMonteInicial": 224,
            "logTaxaMes": 0.1,
            "logValMultiplicadorMonteInicial": 2.35,
            "resposta": 23
        }
    ],
    "respostas": [
        {
            "letra": "a)",
            "resposta": -77,
            "correta": "Nao",
            "tipoerro": "gerada aleatoriamente e negativa"
        },
        {
            "letra": "b)",
            "resposta": 23,
            "correta": "Sim",
            "tipoerro": "nenhum"
        },
        {
            "letra": "c)",
            "resposta": -19,
            "correta": "Nao",
            "tipoerro": "gerada aleatoriamente e negativa"
        },
        {
            "letra": "d)",
            "resposta": -42,
            "correta": "Nao",
            "tipoerro": "invertida e negativa"
        },
        {
            "letra": "e)",
            "resposta": 30,
            "correta": "Nao",
            "tipoerro": "gerada aleatoriamente e positiva"
        }
    ],
    "atributosquestao": [
        {
            "enunciado": "O valor C de um capital (empregado a uma taxa i de juros capitalizados periodicamente ao fim do per\u00edodo), ap\u00f3s t per\u00edodos, \u00e9 dado por C = C0.(1 + i)^t, em que C0 \u00e9 o valor inicial.\nQual \u00e9 o tempo necess\u00e1rio para que um capital empregado \u00e0 taxa de 25% ao m\u00eas, com juros capitalizados mensalmente, seja multiplicado por 224?\nAdmita que log1.25 = 0.1 e log224 = 2.35",
            "corretaspossiveis": 23,
            "corretas": 1,
            "aleatoriapositiva": 1,
            "aleatorianegativa": 2,
            "invertidapositiva": 0,
            "invertidanegativa": 1,
            "respostascorretas": "B"
        }
    ]
}