{
    "logaritmo": [
        {
            "taxaMes": 62,
            "valMultiplicadorMonteInicial": 739,
            "logTaxaMes": 0.21,
            "logValMultiplicadorMonteInicial": 2.87,
            "resposta": 13
        }
    ],
    "respostas": [
        {
            "letra": "a)",
            "resposta": 165,
            "correta": "Nao",
            "tipoerro": "gerada aleatoriamente e positiva"
        },
        {
            "letra": "b)",
            "resposta": 30,
            "correta": "Nao",
            "tipoerro": "gerada aleatoriamente e positiva"
        },
        {
            "letra": "c)",
            "resposta": 59,
            "correta": "Nao",
            "tipoerro": "gerada aleatoriamente e positiva"
        },
        {
            "letra": "d)",
            "resposta": 13,
            "correta": "Sim",
            "tipoerro": "nenhum"
        },
        {
            "letra": "e)",
            "resposta": 15,
            "correta": "Nao",
            "tipoerro": "gerada aleatoriamente e positiva"
        }
    ],
    "atributosquestao": [
        {
            "enunciado": "O valor C de um capital (empregado a uma taxa i de juros capitalizados periodicamente ao fim do per\u00edodo), ap\u00f3s t per\u00edodos, \u00e9 dado por C = C0.(1 + i)^t, em que C0 \u00e9 o valor inicial.\nQual \u00e9 o tempo necess\u00e1rio para que um capital empregado \u00e0 taxa de 62% ao m\u00eas, com juros capitalizados mensalmente, seja multiplicado por 739?\nAdmita que log1.62 = 0.21 e log739 = 2.87",
            "corretaspossiveis": 13,
            "corretas": 1,
            "aleatoriapositiva": 4,
            "aleatorianegativa": 0,
            "invertidapositiva": 0,
            "invertidanegativa": 0,
            "respostascorretas": "D"
        }
    ]
}