{
    "logaritmo": [
        {
            "taxaMes": 54,
            "valMultiplicadorMonteInicial": 992,
            "logTaxaMes": 0.19,
            "logValMultiplicadorMonteInicial": 3.0,
            "resposta": 15
        }
    ],
    "respostas": [
        {
            "letra": "a)",
            "resposta": -15,
            "correta": "Nao",
            "tipoerro": "gerada aleatoriamente e negativa"
        },
        {
            "letra": "b)",
            "resposta": 15,
            "correta": "Sim",
            "tipoerro": "nenhum"
        },
        {
            "letra": "c)",
            "resposta": -11,
            "correta": "Nao",
            "tipoerro": "gerada aleatoriamente e negativa"
        },
        {
            "letra": "d)",
            "resposta": -63,
            "correta": "Nao",
            "tipoerro": "invertida e negativa"
        },
        {
            "letra": "e)",
            "resposta": 17,
            "correta": "Nao",
            "tipoerro": "gerada aleatoriamente e positiva"
        }
    ],
    "atributosquestao": [
        {
            "enunciado": "O valor C de um capital (empregado a uma taxa i de juros capitalizados periodicamente ao fim do per\u00edodo), ap\u00f3s t per\u00edodos, \u00e9 dado por C = C0.(1 + i)^t, em que C0 \u00e9 o valor inicial.\nQual \u00e9 o tempo necess\u00e1rio para que um capital empregado \u00e0 taxa de 54% ao m\u00eas, com juros capitalizados mensalmente, seja multiplicado por 992?\nAdmita que log1.54 = 0.19 e log992 = 3.0",
            "corretaspossiveis": 15,
            "corretas": 1,
            "aleatoriapositiva": 1,
            "aleatorianegativa": 2,
            "invertidapositiva": 0,
            "invertidanegativa": 1,
            "respostascorretas": "B"
        }
    ]
}