{
    "logaritmo": [
        {
            "taxaMes": 34,
            "valMultiplicadorMonteInicial": 860,
            "logTaxaMes": 0.13,
            "logValMultiplicadorMonteInicial": 2.93,
            "resposta": 22
        }
    ],
    "respostas": [
        {
            "letra": "a)",
            "resposta": 22,
            "correta": "Sim",
            "tipoerro": "nenhum"
        },
        {
            "letra": "b)",
            "resposta": 12,
            "correta": "Nao",
            "tipoerro": "gerada aleatoriamente e positiva"
        },
        {
            "letra": "c)",
            "resposta": -7,
            "correta": "Nao",
            "tipoerro": "gerada aleatoriamente e negativa"
        },
        {
            "letra": "d)",
            "resposta": 9,
            "correta": "Nao",
            "tipoerro": "gerada aleatoriamente e positiva"
        },
        {
            "letra": "e)",
            "resposta": 15,
            "correta": "Nao",
            "tipoerro": "gerada aleatoriamente e positiva"
        }
    ],
    "atributosquestao": [
        {
            "enunciado": "O valor C de um capital (empregado a uma taxa i de juros capitalizados periodicamente ao fim do per\u00edodo), ap\u00f3s t per\u00edodos, \u00e9 dado por C = C0.(1 + i)^t, em que C0 \u00e9 o valor inicial.\nQual \u00e9 o tempo necess\u00e1rio para que um capital empregado \u00e0 taxa de 34% ao m\u00eas, com juros capitalizados mensalmente, seja multiplicado por 860?\nAdmita que log1.34 = 0.13 e log860 = 2.93",
            "corretaspossiveis": 22,
            "corretas": 1,
            "aleatoriapositiva": 3,
            "aleatorianegativa": 1,
            "invertidapositiva": 0,
            "invertidanegativa": 0,
            "respostascorretas": "A"
        }
    ]
}