{
    "logaritmo": [
        {
            "taxaMes": 95,
            "valMultiplicadorMonteInicial": 579,
            "logTaxaMes": 0.29,
            "logValMultiplicadorMonteInicial": 2.76,
            "resposta": 9
        }
    ],
    "respostas": [
        {
            "letra": "a)",
            "resposta": 9,
            "correta": "Sim",
            "tipoerro": "nenhum"
        },
        {
            "letra": "b)",
            "resposta": -10,
            "correta": "Nao",
            "tipoerro": "gerada aleatoriamente e negativa"
        },
        {
            "letra": "c)",
            "resposta": -105,
            "correta": "Nao",
            "tipoerro": "invertida e negativa"
        },
        {
            "letra": "d)",
            "resposta": -31,
            "correta": "Nao",
            "tipoerro": "gerada aleatoriamente e negativa"
        },
        {
            "letra": "e)",
            "resposta": -21,
            "correta": "Nao",
            "tipoerro": "gerada aleatoriamente e negativa"
        }
    ],
    "atributosquestao": [
        {
            "enunciado": "O valor C de um capital (empregado a uma taxa i de juros capitalizados periodicamente ao fim do per\u00edodo), ap\u00f3s t per\u00edodos, \u00e9 dado por C = C0.(1 + i)^t, em que C0 \u00e9 o valor inicial.\nQual \u00e9 o tempo necess\u00e1rio para que um capital empregado \u00e0 taxa de 95% ao m\u00eas, com juros capitalizados mensalmente, seja multiplicado por 579?\nAdmita que log1.95 = 0.29 e log579 = 2.76",
            "corretaspossiveis": 9,
            "corretas": 1,
            "aleatoriapositiva": 0,
            "aleatorianegativa": 3,
            "invertidapositiva": 0,
            "invertidanegativa": 1,
            "respostascorretas": "A"
        }
    ]
}