{
    "logaritmo": [
        {
            "taxaMes": 72,
            "valMultiplicadorMonteInicial": 226,
            "logTaxaMes": 0.24,
            "logValMultiplicadorMonteInicial": 2.35,
            "resposta": 9
        }
    ],
    "respostas": [
        {
            "letra": "a)",
            "resposta": -11,
            "correta": "Nao",
            "tipoerro": "gerada aleatoriamente e negativa"
        },
        {
            "letra": "b)",
            "resposta": -30,
            "correta": "Nao",
            "tipoerro": "gerada aleatoriamente e negativa"
        },
        {
            "letra": "c)",
            "resposta": 9,
            "correta": "Sim",
            "tipoerro": "nenhum"
        },
        {
            "letra": "d)",
            "resposta": -12,
            "correta": "Nao",
            "tipoerro": "gerada aleatoriamente e negativa"
        },
        {
            "letra": "e)",
            "resposta": 102,
            "correta": "Nao",
            "tipoerro": "invertida e positiva"
        }
    ],
    "atributosquestao": [
        {
            "enunciado": "O valor C de um capital (empregado a uma taxa i de juros capitalizados periodicamente ao fim do per\u00edodo), ap\u00f3s t per\u00edodos, \u00e9 dado por C = C0.(1 + i)^t, em que C0 \u00e9 o valor inicial.\nQual \u00e9 o tempo necess\u00e1rio para que um capital empregado \u00e0 taxa de 72% ao m\u00eas, com juros capitalizados mensalmente, seja multiplicado por 226?\nAdmita que log1.72 = 0.24 e log226 = 2.35",
            "corretaspossiveis": 9,
            "corretas": 1,
            "aleatoriapositiva": 0,
            "aleatorianegativa": 3,
            "invertidapositiva": 1,
            "invertidanegativa": 0,
            "respostascorretas": "C"
        }
    ]
}