{
    "logaritmo": [
        {
            "taxaMes": 50,
            "valMultiplicadorMonteInicial": 402,
            "logTaxaMes": 0.18,
            "logValMultiplicadorMonteInicial": 2.6,
            "resposta": 14
        }
    ],
    "respostas": [
        {
            "letra": "a)",
            "resposta": -18,
            "correta": "Nao",
            "tipoerro": "gerada aleatoriamente e negativa"
        },
        {
            "letra": "b)",
            "resposta": -302,
            "correta": "Nao",
            "tipoerro": "gerada aleatoriamente e negativa"
        },
        {
            "letra": "c)",
            "resposta": 14,
            "correta": "Sim",
            "tipoerro": "nenhum"
        },
        {
            "letra": "d)",
            "resposta": 11,
            "correta": "Nao",
            "tipoerro": "gerada aleatoriamente e positiva"
        },
        {
            "letra": "e)",
            "resposta": 6,
            "correta": "Nao",
            "tipoerro": "gerada aleatoriamente e positiva"
        }
    ],
    "atributosquestao": [
        {
            "enunciado": "O valor C de um capital (empregado a uma taxa i de juros capitalizados periodicamente ao fim do per\u00edodo), ap\u00f3s t per\u00edodos, \u00e9 dado por C = C0.(1 + i)^t, em que C0 \u00e9 o valor inicial.\nQual \u00e9 o tempo necess\u00e1rio para que um capital empregado \u00e0 taxa de 50% ao m\u00eas, com juros capitalizados mensalmente, seja multiplicado por 402?\nAdmita que log1.5 = 0.18 e log402 = 2.6",
            "corretaspossiveis": 14,
            "corretas": 1,
            "aleatoriapositiva": 2,
            "aleatorianegativa": 2,
            "invertidapositiva": 0,
            "invertidanegativa": 0,
            "respostascorretas": "C"
        }
    ]
}