{
    "logaritmo": [
        {
            "taxaMes": 13,
            "valMultiplicadorMonteInicial": 350,
            "logTaxaMes": 0.05,
            "logValMultiplicadorMonteInicial": 2.54,
            "resposta": 50
        }
    ],
    "respostas": [
        {
            "letra": "a)",
            "resposta": 14,
            "correta": "Nao",
            "tipoerro": "gerada aleatoriamente e positiva"
        },
        {
            "letra": "b)",
            "resposta": -14,
            "correta": "Nao",
            "tipoerro": "gerada aleatoriamente e negativa"
        },
        {
            "letra": "c)",
            "resposta": -19,
            "correta": "Nao",
            "tipoerro": "invertida e negativa"
        },
        {
            "letra": "d)",
            "resposta": 50,
            "correta": "Sim",
            "tipoerro": "nenhum"
        },
        {
            "letra": "e)",
            "resposta": -17,
            "correta": "Nao",
            "tipoerro": "gerada aleatoriamente e negativa"
        }
    ],
    "atributosquestao": [
        {
            "enunciado": "O valor C de um capital (empregado a uma taxa i de juros capitalizados periodicamente ao fim do per\u00edodo), ap\u00f3s t per\u00edodos, \u00e9 dado por C = C0.(1 + i)^t, em que C0 \u00e9 o valor inicial.\nQual \u00e9 o tempo necess\u00e1rio para que um capital empregado \u00e0 taxa de 13% ao m\u00eas, com juros capitalizados mensalmente, seja multiplicado por 350?\nAdmita que log1.13 = 0.05 e log350 = 2.54",
            "corretaspossiveis": 50,
            "corretas": 1,
            "aleatoriapositiva": 1,
            "aleatorianegativa": 2,
            "invertidapositiva": 0,
            "invertidanegativa": 1,
            "respostascorretas": "D"
        }
    ]
}