{
    "logaritmo": [
        {
            "taxaMes": 84,
            "valMultiplicadorMonteInicial": 773,
            "logTaxaMes": 0.26,
            "logValMultiplicadorMonteInicial": 2.89,
            "resposta": 11
        }
    ],
    "respostas": [
        {
            "letra": "a)",
            "resposta": 13,
            "correta": "Nao",
            "tipoerro": "gerada aleatoriamente e positiva"
        },
        {
            "letra": "b)",
            "resposta": -13,
            "correta": "Nao",
            "tipoerro": "gerada aleatoriamente e negativa"
        },
        {
            "letra": "c)",
            "resposta": 7,
            "correta": "Nao",
            "tipoerro": "gerada aleatoriamente e positiva"
        },
        {
            "letra": "d)",
            "resposta": 11,
            "correta": "Sim",
            "tipoerro": "nenhum"
        },
        {
            "letra": "e)",
            "resposta": 10,
            "correta": "Nao",
            "tipoerro": "gerada aleatoriamente e positiva"
        }
    ],
    "atributosquestao": [
        {
            "enunciado": "O valor C de um capital (empregado a uma taxa i de juros capitalizados periodicamente ao fim do per\u00edodo), ap\u00f3s t per\u00edodos, \u00e9 dado por C = C0.(1 + i)^t, em que C0 \u00e9 o valor inicial.\nQual \u00e9 o tempo necess\u00e1rio para que um capital empregado \u00e0 taxa de 84% ao m\u00eas, com juros capitalizados mensalmente, seja multiplicado por 773?\nAdmita que log1.8399999999999999 = 0.26 e log773 = 2.89",
            "corretaspossiveis": 11,
            "corretas": 1,
            "aleatoriapositiva": 3,
            "aleatorianegativa": 1,
            "invertidapositiva": 0,
            "invertidanegativa": 0,
            "respostascorretas": "D"
        }
    ]
}