{
    "logaritmo": [
        {
            "taxaMes": 46,
            "valMultiplicadorMonteInicial": 325,
            "logTaxaMes": 0.16,
            "logValMultiplicadorMonteInicial": 2.51,
            "resposta": 15
        }
    ],
    "respostas": [
        {
            "letra": "a)",
            "resposta": -8,
            "correta": "Nao",
            "tipoerro": "gerada aleatoriamente e negativa"
        },
        {
            "letra": "b)",
            "resposta": -17,
            "correta": "Nao",
            "tipoerro": "gerada aleatoriamente e negativa"
        },
        {
            "letra": "c)",
            "resposta": 15,
            "correta": "Sim",
            "tipoerro": "nenhum"
        },
        {
            "letra": "d)",
            "resposta": -11,
            "correta": "Nao",
            "tipoerro": "gerada aleatoriamente e negativa"
        },
        {
            "letra": "e)",
            "resposta": -10,
            "correta": "Nao",
            "tipoerro": "gerada aleatoriamente e negativa"
        }
    ],
    "atributosquestao": [
        {
            "enunciado": "O valor C de um capital (empregado a uma taxa i de juros capitalizados periodicamente ao fim do per\u00edodo), ap\u00f3s t per\u00edodos, \u00e9 dado por C = C0.(1 + i)^t, em que C0 \u00e9 o valor inicial.\nQual \u00e9 o tempo necess\u00e1rio para que um capital empregado \u00e0 taxa de 46% ao m\u00eas, com juros capitalizados mensalmente, seja multiplicado por 325?\nAdmita que log1.46 = 0.16 e log325 = 2.51",
            "corretaspossiveis": 15,
            "corretas": 1,
            "aleatoriapositiva": 0,
            "aleatorianegativa": 4,
            "invertidapositiva": 0,
            "invertidanegativa": 0,
            "respostascorretas": "C"
        }
    ]
}