{
    "logaritmo": [
        {
            "taxaMes": 3,
            "valMultiplicadorMonteInicial": 787,
            "logTaxaMes": 0.01,
            "logValMultiplicadorMonteInicial": 2.9,
            "resposta": 290
        }
    ],
    "respostas": [
        {
            "letra": "a)",
            "resposta": 16,
            "correta": "Nao",
            "tipoerro": "gerada aleatoriamente e positiva"
        },
        {
            "letra": "b)",
            "resposta": 290,
            "correta": "Sim",
            "tipoerro": "nenhum"
        },
        {
            "letra": "c)",
            "resposta": 12,
            "correta": "Nao",
            "tipoerro": "gerada aleatoriamente e positiva"
        },
        {
            "letra": "d)",
            "resposta": -3,
            "correta": "Nao",
            "tipoerro": "invertida e negativa"
        },
        {
            "letra": "e)",
            "resposta": 39,
            "correta": "Nao",
            "tipoerro": "gerada aleatoriamente e positiva"
        }
    ],
    "atributosquestao": [
        {
            "enunciado": "O valor C de um capital (empregado a uma taxa i de juros capitalizados periodicamente ao fim do per\u00edodo), ap\u00f3s t per\u00edodos, \u00e9 dado por C = C0.(1 + i)^t, em que C0 \u00e9 o valor inicial.\nQual \u00e9 o tempo necess\u00e1rio para que um capital empregado \u00e0 taxa de 3% ao m\u00eas, com juros capitalizados mensalmente, seja multiplicado por 787?\nAdmita que log1.03 = 0.01 e log787 = 2.9",
            "corretaspossiveis": 290,
            "corretas": 1,
            "aleatoriapositiva": 3,
            "aleatorianegativa": 0,
            "invertidapositiva": 0,
            "invertidanegativa": 1,
            "respostascorretas": "B"
        }
    ]
}