{
    "logaritmo": [
        {
            "taxaMes": 27,
            "valMultiplicadorMonteInicial": 365,
            "logTaxaMes": 0.1,
            "logValMultiplicadorMonteInicial": 2.56,
            "resposta": 25
        }
    ],
    "respostas": [
        {
            "letra": "a)",
            "resposta": 5,
            "correta": "Nao",
            "tipoerro": "gerada aleatoriamente e positiva"
        },
        {
            "letra": "b)",
            "resposta": 25,
            "correta": "Sim",
            "tipoerro": "nenhum"
        },
        {
            "letra": "c)",
            "resposta": 14,
            "correta": "Nao",
            "tipoerro": "gerada aleatoriamente e positiva"
        },
        {
            "letra": "d)",
            "resposta": -11,
            "correta": "Nao",
            "tipoerro": "gerada aleatoriamente e negativa"
        },
        {
            "letra": "e)",
            "resposta": -39,
            "correta": "Nao",
            "tipoerro": "invertida e negativa"
        }
    ],
    "atributosquestao": [
        {
            "enunciado": "O valor C de um capital (empregado a uma taxa i de juros capitalizados periodicamente ao fim do per\u00edodo), ap\u00f3s t per\u00edodos, \u00e9 dado por C = C0.(1 + i)^t, em que C0 \u00e9 o valor inicial.\nQual \u00e9 o tempo necess\u00e1rio para que um capital empregado \u00e0 taxa de 27% ao m\u00eas, com juros capitalizados mensalmente, seja multiplicado por 365?\nAdmita que log1.27 = 0.1 e log365 = 2.56",
            "corretaspossiveis": 25,
            "corretas": 1,
            "aleatoriapositiva": 2,
            "aleatorianegativa": 1,
            "invertidapositiva": 0,
            "invertidanegativa": 1,
            "respostascorretas": "B"
        }
    ]
}