{
    "logaritmo": [
        {
            "taxaMes": 98,
            "valMultiplicadorMonteInicial": 153,
            "logTaxaMes": 0.3,
            "logValMultiplicadorMonteInicial": 2.18,
            "resposta": 7
        }
    ],
    "respostas": [
        {
            "letra": "a)",
            "resposta": 7,
            "correta": "Sim",
            "tipoerro": "nenhum"
        },
        {
            "letra": "b)",
            "resposta": 34,
            "correta": "Nao",
            "tipoerro": "gerada aleatoriamente e positiva"
        },
        {
            "letra": "c)",
            "resposta": -54,
            "correta": "Nao",
            "tipoerro": "gerada aleatoriamente e negativa"
        },
        {
            "letra": "d)",
            "resposta": -21,
            "correta": "Nao",
            "tipoerro": "gerada aleatoriamente e negativa"
        },
        {
            "letra": "e)",
            "resposta": -7,
            "correta": "Nao",
            "tipoerro": "gerada aleatoriamente e negativa"
        }
    ],
    "atributosquestao": [
        {
            "enunciado": "O valor C de um capital (empregado a uma taxa i de juros capitalizados periodicamente ao fim do per\u00edodo), ap\u00f3s t per\u00edodos, \u00e9 dado por C = C0.(1 + i)^t, em que C0 \u00e9 o valor inicial.\nQual \u00e9 o tempo necess\u00e1rio para que um capital empregado \u00e0 taxa de 98% ao m\u00eas, com juros capitalizados mensalmente, seja multiplicado por 153?\nAdmita que log1.98 = 0.3 e log153 = 2.18",
            "corretaspossiveis": 7,
            "corretas": 1,
            "aleatoriapositiva": 1,
            "aleatorianegativa": 3,
            "invertidapositiva": 0,
            "invertidanegativa": 0,
            "respostascorretas": "A"
        }
    ]
}