{
    "logaritmo": [
        {
            "taxaMes": 39,
            "valMultiplicadorMonteInicial": 308,
            "logTaxaMes": 0.14,
            "logValMultiplicadorMonteInicial": 2.49,
            "resposta": 17
        }
    ],
    "respostas": [
        {
            "letra": "a)",
            "resposta": 17,
            "correta": "Sim",
            "tipoerro": "nenhum"
        },
        {
            "letra": "b)",
            "resposta": -56,
            "correta": "Nao",
            "tipoerro": "invertida e negativa"
        },
        {
            "letra": "c)",
            "resposta": -50,
            "correta": "Nao",
            "tipoerro": "gerada aleatoriamente e negativa"
        },
        {
            "letra": "d)",
            "resposta": -21,
            "correta": "Nao",
            "tipoerro": "gerada aleatoriamente e negativa"
        },
        {
            "letra": "e)",
            "resposta": -25,
            "correta": "Nao",
            "tipoerro": "gerada aleatoriamente e negativa"
        }
    ],
    "atributosquestao": [
        {
            "enunciado": "O valor C de um capital (empregado a uma taxa i de juros capitalizados periodicamente ao fim do per\u00edodo), ap\u00f3s t per\u00edodos, \u00e9 dado por C = C0.(1 + i)^t, em que C0 \u00e9 o valor inicial.\nQual \u00e9 o tempo necess\u00e1rio para que um capital empregado \u00e0 taxa de 39% ao m\u00eas, com juros capitalizados mensalmente, seja multiplicado por 308?\nAdmita que log1.3900000000000001 = 0.14 e log308 = 2.49",
            "corretaspossiveis": 17,
            "corretas": 1,
            "aleatoriapositiva": 0,
            "aleatorianegativa": 3,
            "invertidapositiva": 0,
            "invertidanegativa": 1,
            "respostascorretas": "A"
        }
    ]
}