{
    "logaritmo": [
        {
            "taxaMes": 58,
            "valMultiplicadorMonteInicial": 705,
            "logTaxaMes": 0.2,
            "logValMultiplicadorMonteInicial": 2.85,
            "resposta": 14
        }
    ],
    "respostas": [
        {
            "letra": "a)",
            "resposta": -7,
            "correta": "Nao",
            "tipoerro": "gerada aleatoriamente e negativa"
        },
        {
            "letra": "b)",
            "resposta": -70,
            "correta": "Nao",
            "tipoerro": "invertida e negativa"
        },
        {
            "letra": "c)",
            "resposta": 57,
            "correta": "Nao",
            "tipoerro": "gerada aleatoriamente e positiva"
        },
        {
            "letra": "d)",
            "resposta": -29,
            "correta": "Nao",
            "tipoerro": "gerada aleatoriamente e negativa"
        },
        {
            "letra": "e)",
            "resposta": 14,
            "correta": "Sim",
            "tipoerro": "nenhum"
        }
    ],
    "atributosquestao": [
        {
            "enunciado": "O valor C de um capital (empregado a uma taxa i de juros capitalizados periodicamente ao fim do per\u00edodo), ap\u00f3s t per\u00edodos, \u00e9 dado por C = C0.(1 + i)^t, em que C0 \u00e9 o valor inicial.\nQual \u00e9 o tempo necess\u00e1rio para que um capital empregado \u00e0 taxa de 58% ao m\u00eas, com juros capitalizados mensalmente, seja multiplicado por 705?\nAdmita que log1.58 = 0.2 e log705 = 2.85",
            "corretaspossiveis": 14,
            "corretas": 1,
            "aleatoriapositiva": 1,
            "aleatorianegativa": 2,
            "invertidapositiva": 0,
            "invertidanegativa": 1,
            "respostascorretas": "E"
        }
    ]
}