{
    "logaritmo": [
        {
            "taxaMes": 62,
            "valMultiplicadorMonteInicial": 936,
            "logTaxaMes": 0.21,
            "logValMultiplicadorMonteInicial": 2.97,
            "resposta": 14
        }
    ],
    "respostas": [
        {
            "letra": "a)",
            "resposta": -9,
            "correta": "Nao",
            "tipoerro": "gerada aleatoriamente e negativa"
        },
        {
            "letra": "b)",
            "resposta": 70,
            "correta": "Nao",
            "tipoerro": "invertida e positiva"
        },
        {
            "letra": "c)",
            "resposta": 14,
            "correta": "Sim",
            "tipoerro": "nenhum"
        },
        {
            "letra": "d)",
            "resposta": 113,
            "correta": "Nao",
            "tipoerro": "gerada aleatoriamente e positiva"
        },
        {
            "letra": "e)",
            "resposta": -123,
            "correta": "Nao",
            "tipoerro": "gerada aleatoriamente e negativa"
        }
    ],
    "atributosquestao": [
        {
            "enunciado": "O valor C de um capital (empregado a uma taxa i de juros capitalizados periodicamente ao fim do per\u00edodo), ap\u00f3s t per\u00edodos, \u00e9 dado por C = C0.(1 + i)^t, em que C0 \u00e9 o valor inicial.\nQual \u00e9 o tempo necess\u00e1rio para que um capital empregado \u00e0 taxa de 62% ao m\u00eas, com juros capitalizados mensalmente, seja multiplicado por 936?\nAdmita que log1.62 = 0.21 e log936 = 2.97",
            "corretaspossiveis": 14,
            "corretas": 1,
            "aleatoriapositiva": 1,
            "aleatorianegativa": 2,
            "invertidapositiva": 1,
            "invertidanegativa": 0,
            "respostascorretas": "C"
        }
    ]
}