{
    "equacaoExponencial": [
        {
            "numBase": 4,
            "numMultiplicadorLogaritmando": 10,
            "numMultiplicadorBase": 7,
            "resposta": " \u221a70\n4   "
        }
    ],
    "respostas": [
        {
            "letra": "a)",
            "resposta": "  2\u22c5\u221a3\n-4    ",
            "correta": "Nao",
            "tipoerro": "gerada aleatoriamente e negativa"
        },
        {
            "letra": "b)",
            "resposta": "1048576",
            "correta": "Nao",
            "tipoerro": "gerada aleatoriamente e positiva"
        },
        {
            "letra": "c)",
            "resposta": "  3\u22c5\u221a3\n-4    ",
            "correta": "Nao",
            "tipoerro": "gerada aleatoriamente e negativa"
        },
        {
            "letra": "d)",
            "resposta": " \u221a70\n4   ",
            "correta": "Sim",
            "tipoerro": "nenhum"
        },
        {
            "letra": "e)",
            "resposta": "  3\u22c5\u221a7\n-4    ",
            "correta": "Nao",
            "tipoerro": "gerada aleatoriamente e negativa"
        }
    ],
    "atributosquestao": [
        {
            "enunciado": "(Fuvest-modificada) O n\u00famero x > 1 tal que logx(1048576) = log16384(x) \u00e9:",
            "corretaspossiveis": " \u221a70\n4   ",
            "corretas": 1,
            "aleatoriapositiva": 1,
            "aleatorianegativa": 3,
            "invertidapositiva": 0,
            "invertidanegativa": 0,
            "respostascorretas": "D"
        }
    ]
}