{
    "equacaoExponencial": [
        {
            "numBase": 4,
            "numMultiplicadorLogaritmando": 4,
            "numMultiplicadorBase": 4,
            "resposta": "256"
        }
    ],
    "respostas": [
        {
            "letra": "a)",
            "resposta": "-262144",
            "correta": "Nao",
            "tipoerro": "gerada aleatoriamente e negativa"
        },
        {
            "letra": "b)",
            "resposta": " \u221a10\n4   ",
            "correta": "Nao",
            "tipoerro": "gerada aleatoriamente e positiva"
        },
        {
            "letra": "c)",
            "resposta": "  3\u22c5\u221a3\n-4    ",
            "correta": "Nao",
            "tipoerro": "gerada aleatoriamente e negativa"
        },
        {
            "letra": "d)",
            "resposta": "256",
            "correta": "Sim",
            "tipoerro": "nenhum"
        },
        {
            "letra": "e)",
            "resposta": "  \u221a6\n-4  ",
            "correta": "Nao",
            "tipoerro": "gerada aleatoriamente e negativa"
        }
    ],
    "atributosquestao": [
        {
            "enunciado": "(Fuvest-modificada) O n\u00famero x > 1 tal que logx(256) = log256(x) \u00e9:",
            "corretaspossiveis": "256",
            "corretas": 1,
            "aleatoriapositiva": 1,
            "aleatorianegativa": 3,
            "invertidapositiva": 0,
            "invertidanegativa": 0,
            "respostascorretas": "D"
        }
    ]
}