{
    "equacaoExponencial": [
        {
            "numBase": 5,
            "numMultiplicadorLogaritmando": 9,
            "numMultiplicadorBase": 3,
            "resposta": " 3\u22c5\u221a3\n5    "
        }
    ],
    "respostas": [
        {
            "letra": "a)",
            "resposta": "5",
            "correta": "Nao",
            "tipoerro": "invertida e positiva"
        },
        {
            "letra": "b)",
            "resposta": " 2\u22c5\u221a14\n5     ",
            "correta": "Nao",
            "tipoerro": "gerada aleatoriamente e positiva"
        },
        {
            "letra": "c)",
            "resposta": " 3\u22c5\u221a3\n5    ",
            "correta": "Sim",
            "tipoerro": "nenhum"
        },
        {
            "letra": "d)",
            "resposta": "625",
            "correta": "Nao",
            "tipoerro": "gerada aleatoriamente e positiva"
        },
        {
            "letra": "e)",
            "resposta": "-25",
            "correta": "Nao",
            "tipoerro": "gerada aleatoriamente e negativa"
        }
    ],
    "atributosquestao": [
        {
            "enunciado": "(Fuvest-modificada) O n\u00famero x > 1 tal que logx(1953125) = log125(x) \u00e9:",
            "corretaspossiveis": " 3\u22c5\u221a3\n5    ",
            "corretas": 1,
            "aleatoriapositiva": 2,
            "aleatorianegativa": 1,
            "invertidapositiva": 1,
            "invertidanegativa": 0,
            "respostascorretas": "C"
        }
    ]
}