{
    "equacaoExponencial": [
        {
            "numBase": 8,
            "numMultiplicadorLogaritmando": 9,
            "numMultiplicadorBase": 4,
            "resposta": "262144"
        }
    ],
    "respostas": [
        {
            "letra": "a)",
            "resposta": "8",
            "correta": "Nao",
            "tipoerro": "invertida e positiva"
        },
        {
            "letra": "b)",
            "resposta": " 2\u22c5\u221a5\n8    ",
            "correta": "Nao",
            "tipoerro": "gerada aleatoriamente e positiva"
        },
        {
            "letra": "c)",
            "resposta": " 2\u22c5\u221a7\n8    ",
            "correta": "Nao",
            "tipoerro": "gerada aleatoriamente e positiva"
        },
        {
            "letra": "d)",
            "resposta": "262144",
            "correta": "Sim",
            "tipoerro": "nenhum"
        },
        {
            "letra": "e)",
            "resposta": " \u221a21\n8   ",
            "correta": "Nao",
            "tipoerro": "gerada aleatoriamente e positiva"
        }
    ],
    "atributosquestao": [
        {
            "enunciado": "(Fuvest-modificada) O n\u00famero x > 1 tal que logx(134217728) = log4096(x) \u00e9:",
            "corretaspossiveis": "262144",
            "corretas": 1,
            "aleatoriapositiva": 3,
            "aleatorianegativa": 0,
            "invertidapositiva": 1,
            "invertidanegativa": 0,
            "respostascorretas": "D"
        }
    ]
}