{
    "equacaoExponencial": [
        {
            "numBase": 9,
            "numMultiplicadorLogaritmando": 7,
            "numMultiplicadorBase": 5,
            "resposta": " \u221a35\n9   "
        }
    ],
    "respostas": [
        {
            "letra": "a)",
            "resposta": "  2\u22c5\u221a15\n-9     ",
            "correta": "Nao",
            "tipoerro": "gerada aleatoriamente e negativa"
        },
        {
            "letra": "b)",
            "resposta": "  5\u22c5\u221a2\n-9    ",
            "correta": "Nao",
            "tipoerro": "gerada aleatoriamente e negativa"
        },
        {
            "letra": "c)",
            "resposta": "  \u221a14\n-9   ",
            "correta": "Nao",
            "tipoerro": "gerada aleatoriamente e negativa"
        },
        {
            "letra": "d)",
            "resposta": " \u221a35\n9   ",
            "correta": "Sim",
            "tipoerro": "nenhum"
        },
        {
            "letra": "e)",
            "resposta": "-9",
            "correta": "Nao",
            "tipoerro": "invertida e negativa"
        }
    ],
    "atributosquestao": [
        {
            "enunciado": "(Fuvest-modificada) O n\u00famero x > 1 tal que logx(4782969) = log59049(x) \u00e9:",
            "corretaspossiveis": " \u221a35\n9   ",
            "corretas": 1,
            "aleatoriapositiva": 0,
            "aleatorianegativa": 3,
            "invertidapositiva": 0,
            "invertidanegativa": 1,
            "respostascorretas": "D"
        }
    ]
}