{
    "equacaoExponencial": [
        {
            "numBase": 3,
            "numMultiplicadorLogaritmando": 3,
            "numMultiplicadorBase": 3,
            "resposta": "27"
        }
    ],
    "respostas": [
        {
            "letra": "a)",
            "resposta": " 2\u22c5\u221a6\n3    ",
            "correta": "Nao",
            "tipoerro": "gerada aleatoriamente e positiva"
        },
        {
            "letra": "b)",
            "resposta": " 3\u22c5\u221a3\n3    ",
            "correta": "Nao",
            "tipoerro": "gerada aleatoriamente e positiva"
        },
        {
            "letra": "c)",
            "resposta": " 3\u22c5\u221a7\n3    ",
            "correta": "Nao",
            "tipoerro": "gerada aleatoriamente e positiva"
        },
        {
            "letra": "d)",
            "resposta": "27",
            "correta": "Sim",
            "tipoerro": "nenhum"
        },
        {
            "letra": "e)",
            "resposta": "  2\u22c5\u221a15\n-3     ",
            "correta": "Nao",
            "tipoerro": "gerada aleatoriamente e negativa"
        }
    ],
    "atributosquestao": [
        {
            "enunciado": "(Fuvest-modificada) O n\u00famero x > 1 tal que logx(27) = log27(x) \u00e9:",
            "corretaspossiveis": "27",
            "corretas": 1,
            "aleatoriapositiva": 3,
            "aleatorianegativa": 1,
            "invertidapositiva": 0,
            "invertidanegativa": 0,
            "respostascorretas": "D"
        }
    ]
}