{
    "equacaoExponencial": [
        {
            "numBase": 7,
            "numMultiplicadorLogaritmando": 9,
            "numMultiplicadorBase": 10,
            "resposta": " 3\u22c5\u221a10\n7     "
        }
    ],
    "respostas": [
        {
            "letra": "a)",
            "resposta": "  \u221a2\n-7  ",
            "correta": "Nao",
            "tipoerro": "invertida e negativa"
        },
        {
            "letra": "b)",
            "resposta": "-343",
            "correta": "Nao",
            "tipoerro": "gerada aleatoriamente e negativa"
        },
        {
            "letra": "c)",
            "resposta": "  4\u22c5\u221a3\n-7    ",
            "correta": "Nao",
            "tipoerro": "gerada aleatoriamente e negativa"
        },
        {
            "letra": "d)",
            "resposta": " 2\u22c5\u221a5\n7    ",
            "correta": "Nao",
            "tipoerro": "gerada aleatoriamente e positiva"
        },
        {
            "letra": "e)",
            "resposta": " 3\u22c5\u221a10\n7     ",
            "correta": "Sim",
            "tipoerro": "nenhum"
        }
    ],
    "atributosquestao": [
        {
            "enunciado": "(Fuvest-modificada) O n\u00famero x > 1 tal que logx(40353607) = log282475249(x) \u00e9:",
            "corretaspossiveis": " 3\u22c5\u221a10\n7     ",
            "corretas": 1,
            "aleatoriapositiva": 1,
            "aleatorianegativa": 2,
            "invertidapositiva": 0,
            "invertidanegativa": 1,
            "respostascorretas": "E"
        }
    ]
}