{
    "equacaoExponencial": [
        {
            "numBase": 6,
            "numMultiplicadorLogaritmando": 4,
            "numMultiplicadorBase": 4,
            "resposta": "1296"
        }
    ],
    "respostas": [
        {
            "letra": "a)",
            "resposta": "-1296",
            "correta": "Nao",
            "tipoerro": "gerada aleatoriamente e negativa"
        },
        {
            "letra": "b)",
            "resposta": "1296",
            "correta": "Sim",
            "tipoerro": "nenhum"
        },
        {
            "letra": "c)",
            "resposta": " 4\u22c5\u221a2\n6    ",
            "correta": "Nao",
            "tipoerro": "gerada aleatoriamente e positiva"
        },
        {
            "letra": "d)",
            "resposta": " 2\u22c5\u221a14\n6     ",
            "correta": "Nao",
            "tipoerro": "gerada aleatoriamente e positiva"
        },
        {
            "letra": "e)",
            "resposta": " 2\u22c5\u221a6\n6    ",
            "correta": "Nao",
            "tipoerro": "gerada aleatoriamente e positiva"
        }
    ],
    "atributosquestao": [
        {
            "enunciado": "(Fuvest-modificada) O n\u00famero x > 1 tal que logx(1296) = log1296(x) \u00e9:",
            "corretaspossiveis": "1296",
            "corretas": 1,
            "aleatoriapositiva": 3,
            "aleatorianegativa": 1,
            "invertidapositiva": 0,
            "invertidanegativa": 0,
            "respostascorretas": "B"
        }
    ]
}