{
    "equacaoExponencial": [
        {
            "numBase": 7,
            "numMultiplicadorLogaritmando": 3,
            "numMultiplicadorBase": 4,
            "resposta": " 2\u22c5\u221a3\n7    "
        }
    ],
    "respostas": [
        {
            "letra": "a)",
            "resposta": " \u221a2\n7  ",
            "correta": "Nao",
            "tipoerro": "invertida e positiva"
        },
        {
            "letra": "b)",
            "resposta": " 4\u22c5\u221a2\n7    ",
            "correta": "Nao",
            "tipoerro": "gerada aleatoriamente e positiva"
        },
        {
            "letra": "c)",
            "resposta": " 4\u22c5\u221a5\n7    ",
            "correta": "Nao",
            "tipoerro": "gerada aleatoriamente e positiva"
        },
        {
            "letra": "d)",
            "resposta": " 2\u22c5\u221a3\n7    ",
            "correta": "Sim",
            "tipoerro": "nenhum"
        },
        {
            "letra": "e)",
            "resposta": "  2\u22c5\u221a5\n-7    ",
            "correta": "Nao",
            "tipoerro": "gerada aleatoriamente e negativa"
        }
    ],
    "atributosquestao": [
        {
            "enunciado": "(Fuvest-modificada) O n\u00famero x > 1 tal que logx(343) = log2401(x) \u00e9:",
            "corretaspossiveis": " 2\u22c5\u221a3\n7    ",
            "corretas": 1,
            "aleatoriapositiva": 2,
            "aleatorianegativa": 1,
            "invertidapositiva": 1,
            "invertidanegativa": 0,
            "respostascorretas": "D"
        }
    ]
}