{
    "equacaoExponencial": [
        {
            "numBase": 9,
            "numMultiplicadorLogaritmando": 8,
            "numMultiplicadorBase": 8,
            "resposta": "43046721"
        }
    ],
    "respostas": [
        {
            "letra": "a)",
            "resposta": "43046721",
            "correta": "Sim",
            "tipoerro": "nenhum"
        },
        {
            "letra": "b)",
            "resposta": "  \u221a2\n-9  ",
            "correta": "Nao",
            "tipoerro": "invertida e negativa"
        },
        {
            "letra": "c)",
            "resposta": "  5\u22c5\u221a2\n-9    ",
            "correta": "Nao",
            "tipoerro": "gerada aleatoriamente e negativa"
        },
        {
            "letra": "d)",
            "resposta": "  \u221a35\n-9   ",
            "correta": "Nao",
            "tipoerro": "gerada aleatoriamente e negativa"
        },
        {
            "letra": "e)",
            "resposta": "  3\u22c5\u221a2\n-9    ",
            "correta": "Nao",
            "tipoerro": "gerada aleatoriamente e negativa"
        }
    ],
    "atributosquestao": [
        {
            "enunciado": "(Fuvest-modificada) O n\u00famero x > 1 tal que logx(43046721) = log43046721(x) \u00e9:",
            "corretaspossiveis": "43046721",
            "corretas": 1,
            "aleatoriapositiva": 0,
            "aleatorianegativa": 3,
            "invertidapositiva": 0,
            "invertidanegativa": 1,
            "respostascorretas": "A"
        }
    ]
}