{
    "equacaoExponencial": [
        {
            "numBase": 10,
            "numMultiplicadorLogaritmando": 3,
            "numMultiplicadorBase": 6,
            "resposta": "  3\u22c5\u221a2\n10    "
        }
    ],
    "respostas": [
        {
            "letra": "a)",
            "resposta": "   3\u22c5\u221a3\n-10    ",
            "correta": "Nao",
            "tipoerro": "gerada aleatoriamente e negativa"
        },
        {
            "letra": "b)",
            "resposta": "  2\u22c5\u221a10\n10     ",
            "correta": "Nao",
            "tipoerro": "gerada aleatoriamente e positiva"
        },
        {
            "letra": "c)",
            "resposta": "  \u221a42\n10   ",
            "correta": "Nao",
            "tipoerro": "gerada aleatoriamente e positiva"
        },
        {
            "letra": "d)",
            "resposta": "  4\u22c5\u221a2\n10    ",
            "correta": "Nao",
            "tipoerro": "gerada aleatoriamente e positiva"
        },
        {
            "letra": "e)",
            "resposta": "  3\u22c5\u221a2\n10    ",
            "correta": "Sim",
            "tipoerro": "nenhum"
        }
    ],
    "atributosquestao": [
        {
            "enunciado": "(Fuvest-modificada) O n\u00famero x > 1 tal que logx(1000) = log1000000(x) \u00e9:",
            "corretaspossiveis": "  3\u22c5\u221a2\n10    ",
            "corretas": 1,
            "aleatoriapositiva": 3,
            "aleatorianegativa": 1,
            "invertidapositiva": 0,
            "invertidanegativa": 0,
            "respostascorretas": "E"
        }
    ]
}