{
    "equacaoExponencial": [
        {
            "numBase": 2,
            "numMultiplicadorLogaritmando": 7,
            "numMultiplicadorBase": 3,
            "resposta": " \u221a21\n2   "
        }
    ],
    "respostas": [
        {
            "letra": "a)",
            "resposta": " 2\u22c5\u221a5\n2    ",
            "correta": "Nao",
            "tipoerro": "gerada aleatoriamente e positiva"
        },
        {
            "letra": "b)",
            "resposta": " 3\u22c5\u221a10\n2     ",
            "correta": "Nao",
            "tipoerro": "gerada aleatoriamente e positiva"
        },
        {
            "letra": "c)",
            "resposta": " \u221a70\n2   ",
            "correta": "Nao",
            "tipoerro": "gerada aleatoriamente e positiva"
        },
        {
            "letra": "d)",
            "resposta": " \u221a21\n2   ",
            "correta": "Sim",
            "tipoerro": "nenhum"
        },
        {
            "letra": "e)",
            "resposta": "2",
            "correta": "Nao",
            "tipoerro": "invertida e positiva"
        }
    ],
    "atributosquestao": [
        {
            "enunciado": "(Fuvest-modificada) O n\u00famero x > 1 tal que logx(128) = log8(x) \u00e9:",
            "corretaspossiveis": " \u221a21\n2   ",
            "corretas": 1,
            "aleatoriapositiva": 3,
            "aleatorianegativa": 0,
            "invertidapositiva": 1,
            "invertidanegativa": 0,
            "respostascorretas": "D"
        }
    ]
}