{
    "equacaoExponencial": [
        {
            "numBase": 6,
            "numMultiplicadorLogaritmando": 9,
            "numMultiplicadorBase": 2,
            "resposta": " 3\u22c5\u221a2\n6    "
        }
    ],
    "respostas": [
        {
            "letra": "a)",
            "resposta": "  6\u22c5\u221a2\n-6    ",
            "correta": "Nao",
            "tipoerro": "gerada aleatoriamente e negativa"
        },
        {
            "letra": "b)",
            "resposta": " 4\u22c5\u221a3\n6    ",
            "correta": "Nao",
            "tipoerro": "gerada aleatoriamente e positiva"
        },
        {
            "letra": "c)",
            "resposta": "216",
            "correta": "Nao",
            "tipoerro": "gerada aleatoriamente e positiva"
        },
        {
            "letra": "d)",
            "resposta": " 3\u22c5\u221a2\n6    ",
            "correta": "Sim",
            "tipoerro": "nenhum"
        },
        {
            "letra": "e)",
            "resposta": " 4\u22c5\u221a2\n6    ",
            "correta": "Nao",
            "tipoerro": "gerada aleatoriamente e positiva"
        }
    ],
    "atributosquestao": [
        {
            "enunciado": "(Fuvest-modificada) O n\u00famero x > 1 tal que logx(10077696) = log36(x) \u00e9:",
            "corretaspossiveis": " 3\u22c5\u221a2\n6    ",
            "corretas": 1,
            "aleatoriapositiva": 3,
            "aleatorianegativa": 1,
            "invertidapositiva": 0,
            "invertidanegativa": 0,
            "respostascorretas": "D"
        }
    ]
}