{
    "equacaoExponencial": [
        {
            "numBase": 3,
            "numMultiplicadorLogaritmando": 6,
            "numMultiplicadorBase": 2,
            "resposta": " 2\u22c5\u221a3\n3    "
        }
    ],
    "respostas": [
        {
            "letra": "a)",
            "resposta": "3",
            "correta": "Nao",
            "tipoerro": "invertida e positiva"
        },
        {
            "letra": "b)",
            "resposta": " 4\u22c5\u221a2\n3    ",
            "correta": "Nao",
            "tipoerro": "gerada aleatoriamente e positiva"
        },
        {
            "letra": "c)",
            "resposta": "  3\u22c5\u221a2\n-3    ",
            "correta": "Nao",
            "tipoerro": "gerada aleatoriamente e negativa"
        },
        {
            "letra": "d)",
            "resposta": " 2\u22c5\u221a3\n3    ",
            "correta": "Sim",
            "tipoerro": "nenhum"
        },
        {
            "letra": "e)",
            "resposta": "-19683",
            "correta": "Nao",
            "tipoerro": "gerada aleatoriamente e negativa"
        }
    ],
    "atributosquestao": [
        {
            "enunciado": "(Fuvest-modificada) O n\u00famero x > 1 tal que logx(729) = log9(x) \u00e9:",
            "corretaspossiveis": " 2\u22c5\u221a3\n3    ",
            "corretas": 1,
            "aleatoriapositiva": 1,
            "aleatorianegativa": 2,
            "invertidapositiva": 1,
            "invertidanegativa": 0,
            "respostascorretas": "D"
        }
    ]
}