{
    "equacaoExponencial": [
        {
            "numBase": 7,
            "numMultiplicadorLogaritmando": 3,
            "numMultiplicadorBase": 3,
            "resposta": "343"
        }
    ],
    "respostas": [
        {
            "letra": "a)",
            "resposta": "343",
            "correta": "Sim",
            "tipoerro": "nenhum"
        },
        {
            "letra": "b)",
            "resposta": " 2\u22c5\u221a7\n7    ",
            "correta": "Nao",
            "tipoerro": "gerada aleatoriamente e positiva"
        },
        {
            "letra": "c)",
            "resposta": "  \u221a30\n-7   ",
            "correta": "Nao",
            "tipoerro": "gerada aleatoriamente e negativa"
        },
        {
            "letra": "d)",
            "resposta": " \u221a6\n7  ",
            "correta": "Nao",
            "tipoerro": "gerada aleatoriamente e positiva"
        },
        {
            "letra": "e)",
            "resposta": " 4\u22c5\u221a5\n7    ",
            "correta": "Nao",
            "tipoerro": "gerada aleatoriamente e positiva"
        }
    ],
    "atributosquestao": [
        {
            "enunciado": "(Fuvest-modificada) O n\u00famero x > 1 tal que logx(343) = log343(x) \u00e9:",
            "corretaspossiveis": "343",
            "corretas": 1,
            "aleatoriapositiva": 3,
            "aleatorianegativa": 1,
            "invertidapositiva": 0,
            "invertidanegativa": 0,
            "respostascorretas": "A"
        }
    ]
}