{
    "equacaoExponencial": [
        {
            "numBase": 6,
            "numMultiplicadorLogaritmando": 8,
            "numMultiplicadorBase": 10,
            "resposta": " 4\u22c5\u221a5\n6    "
        }
    ],
    "respostas": [
        {
            "letra": "a)",
            "resposta": "1296",
            "correta": "Nao",
            "tipoerro": "gerada aleatoriamente e positiva"
        },
        {
            "letra": "b)",
            "resposta": "  2\u22c5\u221a6\n-6    ",
            "correta": "Nao",
            "tipoerro": "gerada aleatoriamente e negativa"
        },
        {
            "letra": "c)",
            "resposta": " 4\u22c5\u221a5\n6    ",
            "correta": "Sim",
            "tipoerro": "nenhum"
        },
        {
            "letra": "d)",
            "resposta": " \u221a15\n6   ",
            "correta": "Nao",
            "tipoerro": "gerada aleatoriamente e positiva"
        },
        {
            "letra": "e)",
            "resposta": "  \u221a6\n-6  ",
            "correta": "Nao",
            "tipoerro": "gerada aleatoriamente e negativa"
        }
    ],
    "atributosquestao": [
        {
            "enunciado": "(Fuvest-modificada) O n\u00famero x > 1 tal que logx(1679616) = log60466176(x) \u00e9:",
            "corretaspossiveis": " 4\u22c5\u221a5\n6    ",
            "corretas": 1,
            "aleatoriapositiva": 2,
            "aleatorianegativa": 2,
            "invertidapositiva": 0,
            "invertidanegativa": 0,
            "respostascorretas": "C"
        }
    ]
}