{
    "equacaoExponencial": [
        {
            "numBase": 10,
            "numMultiplicadorLogaritmando": 3,
            "numMultiplicadorBase": 5,
            "resposta": "  \u221a15\n10   "
        }
    ],
    "respostas": [
        {
            "letra": "a)",
            "resposta": "   2\u22c5\u221a2\n-10    ",
            "correta": "Nao",
            "tipoerro": "gerada aleatoriamente e negativa"
        },
        {
            "letra": "b)",
            "resposta": "  \u221a15\n10   ",
            "correta": "Sim",
            "tipoerro": "nenhum"
        },
        {
            "letra": "c)",
            "resposta": "  2\u22c5\u221a14\n10     ",
            "correta": "Nao",
            "tipoerro": "gerada aleatoriamente e positiva"
        },
        {
            "letra": "d)",
            "resposta": "   \u221a2\n-10  ",
            "correta": "Nao",
            "tipoerro": "invertida e negativa"
        },
        {
            "letra": "e)",
            "resposta": "   \u221a35\n-10   ",
            "correta": "Nao",
            "tipoerro": "gerada aleatoriamente e negativa"
        }
    ],
    "atributosquestao": [
        {
            "enunciado": "(Fuvest-modificada) O n\u00famero x > 1 tal que logx(1000) = log100000(x) \u00e9:",
            "corretaspossiveis": "  \u221a15\n10   ",
            "corretas": 1,
            "aleatoriapositiva": 1,
            "aleatorianegativa": 2,
            "invertidapositiva": 0,
            "invertidanegativa": 1,
            "respostascorretas": "B"
        }
    ]
}