{
    "equacaoExponencial": [
        {
            "numBase": 4,
            "numMultiplicadorLogaritmando": 10,
            "numMultiplicadorBase": 4,
            "resposta": " 2\u22c5\u221a10\n4     "
        }
    ],
    "respostas": [
        {
            "letra": "a)",
            "resposta": "  5\u22c5\u221a2\n-4    ",
            "correta": "Nao",
            "tipoerro": "gerada aleatoriamente e negativa"
        },
        {
            "letra": "b)",
            "resposta": "4",
            "correta": "Nao",
            "tipoerro": "invertida e positiva"
        },
        {
            "letra": "c)",
            "resposta": "  3\u22c5\u221a2\n-4    ",
            "correta": "Nao",
            "tipoerro": "gerada aleatoriamente e negativa"
        },
        {
            "letra": "d)",
            "resposta": "  \u221a30\n-4   ",
            "correta": "Nao",
            "tipoerro": "gerada aleatoriamente e negativa"
        },
        {
            "letra": "e)",
            "resposta": " 2\u22c5\u221a10\n4     ",
            "correta": "Sim",
            "tipoerro": "nenhum"
        }
    ],
    "atributosquestao": [
        {
            "enunciado": "(Fuvest-modificada) O n\u00famero x > 1 tal que logx(1048576) = log256(x) \u00e9:",
            "corretaspossiveis": " 2\u22c5\u221a10\n4     ",
            "corretas": 1,
            "aleatoriapositiva": 0,
            "aleatorianegativa": 3,
            "invertidapositiva": 1,
            "invertidanegativa": 0,
            "respostascorretas": "E"
        }
    ]
}