{
    "equacaoExponencial": [
        {
            "numBase": 2,
            "numMultiplicadorLogaritmando": 7,
            "numMultiplicadorBase": 2,
            "resposta": " \u221a14\n2   "
        }
    ],
    "respostas": [
        {
            "letra": "a)",
            "resposta": " \u221a30\n2   ",
            "correta": "Nao",
            "tipoerro": "gerada aleatoriamente e positiva"
        },
        {
            "letra": "b)",
            "resposta": " 2\u22c5\u221a6\n2    ",
            "correta": "Nao",
            "tipoerro": "gerada aleatoriamente e positiva"
        },
        {
            "letra": "c)",
            "resposta": "  \u221a30\n-2   ",
            "correta": "Nao",
            "tipoerro": "gerada aleatoriamente e negativa"
        },
        {
            "letra": "d)",
            "resposta": " \u221a14\n2   ",
            "correta": "Sim",
            "tipoerro": "nenhum"
        },
        {
            "letra": "e)",
            "resposta": " 5\u22c5\u221a2\n2    ",
            "correta": "Nao",
            "tipoerro": "gerada aleatoriamente e positiva"
        }
    ],
    "atributosquestao": [
        {
            "enunciado": "(Fuvest-modificada) O n\u00famero x > 1 tal que logx(128) = log4(x) \u00e9:",
            "corretaspossiveis": " \u221a14\n2   ",
            "corretas": 1,
            "aleatoriapositiva": 3,
            "aleatorianegativa": 1,
            "invertidapositiva": 0,
            "invertidanegativa": 0,
            "respostascorretas": "D"
        }
    ]
}