{
    "equacaoExponencial": [
        {
            "numBase": 8,
            "numMultiplicadorLogaritmando": 5,
            "numMultiplicadorBase": 10,
            "resposta": " 5\u22c5\u221a2\n8    "
        }
    ],
    "respostas": [
        {
            "letra": "a)",
            "resposta": " 2\u22c5\u221a10\n8     ",
            "correta": "Nao",
            "tipoerro": "gerada aleatoriamente e positiva"
        },
        {
            "letra": "b)",
            "resposta": "  2\u22c5\u221a6\n-8    ",
            "correta": "Nao",
            "tipoerro": "gerada aleatoriamente e negativa"
        },
        {
            "letra": "c)",
            "resposta": "  3\u22c5\u221a5\n-8    ",
            "correta": "Nao",
            "tipoerro": "gerada aleatoriamente e negativa"
        },
        {
            "letra": "d)",
            "resposta": " 5\u22c5\u221a2\n8    ",
            "correta": "Sim",
            "tipoerro": "nenhum"
        },
        {
            "letra": "e)",
            "resposta": "-134217728",
            "correta": "Nao",
            "tipoerro": "gerada aleatoriamente e negativa"
        }
    ],
    "atributosquestao": [
        {
            "enunciado": "(Fuvest-modificada) O n\u00famero x > 1 tal que logx(32768) = log1073741824(x) \u00e9:",
            "corretaspossiveis": " 5\u22c5\u221a2\n8    ",
            "corretas": 1,
            "aleatoriapositiva": 1,
            "aleatorianegativa": 3,
            "invertidapositiva": 0,
            "invertidanegativa": 0,
            "respostascorretas": "D"
        }
    ]
}