{
    "equacaoExponencial": [
        {
            "numBase": 3,
            "numMultiplicadorLogaritmando": 6,
            "numMultiplicadorBase": 3,
            "resposta": " 3\u22c5\u221a2\n3    "
        }
    ],
    "respostas": [
        {
            "letra": "a)",
            "resposta": "729",
            "correta": "Nao",
            "tipoerro": "gerada aleatoriamente e positiva"
        },
        {
            "letra": "b)",
            "resposta": "  \u221a70\n-3   ",
            "correta": "Nao",
            "tipoerro": "gerada aleatoriamente e negativa"
        },
        {
            "letra": "c)",
            "resposta": "-3",
            "correta": "Nao",
            "tipoerro": "invertida e negativa"
        },
        {
            "letra": "d)",
            "resposta": " 3\u22c5\u221a2\n3    ",
            "correta": "Sim",
            "tipoerro": "nenhum"
        },
        {
            "letra": "e)",
            "resposta": "243",
            "correta": "Nao",
            "tipoerro": "gerada aleatoriamente e positiva"
        }
    ],
    "atributosquestao": [
        {
            "enunciado": "(Fuvest-modificada) O n\u00famero x > 1 tal que logx(729) = log27(x) \u00e9:",
            "corretaspossiveis": " 3\u22c5\u221a2\n3    ",
            "corretas": 1,
            "aleatoriapositiva": 2,
            "aleatorianegativa": 1,
            "invertidapositiva": 0,
            "invertidanegativa": 1,
            "respostascorretas": "D"
        }
    ]
}