{
    "equacaoExponencial": [
        {
            "numBase": 10,
            "numMultiplicadorLogaritmando": 10,
            "numMultiplicadorBase": 7,
            "resposta": "  \u221a70\n10   "
        }
    ],
    "respostas": [
        {
            "letra": "a)",
            "resposta": "  \u221a70\n10   ",
            "correta": "Sim",
            "tipoerro": "nenhum"
        },
        {
            "letra": "b)",
            "resposta": "  3\u22c5\u221a2\n10    ",
            "correta": "Nao",
            "tipoerro": "gerada aleatoriamente e positiva"
        },
        {
            "letra": "c)",
            "resposta": "   4\u22c5\u221a2\n-10    ",
            "correta": "Nao",
            "tipoerro": "gerada aleatoriamente e negativa"
        },
        {
            "letra": "d)",
            "resposta": "   6\u22c5\u221a2\n-10    ",
            "correta": "Nao",
            "tipoerro": "gerada aleatoriamente e negativa"
        },
        {
            "letra": "e)",
            "resposta": "   2\u22c5\u221a5\n-10    ",
            "correta": "Nao",
            "tipoerro": "gerada aleatoriamente e negativa"
        }
    ],
    "atributosquestao": [
        {
            "enunciado": "(Fuvest-modificada) O n\u00famero x > 1 tal que logx(10000000000) = log10000000(x) \u00e9:",
            "corretaspossiveis": "  \u221a70\n10   ",
            "corretas": 1,
            "aleatoriapositiva": 1,
            "aleatorianegativa": 3,
            "invertidapositiva": 0,
            "invertidanegativa": 0,
            "respostascorretas": "A"
        }
    ]
}