{
    "equacaoExponencial": [
        {
            "numBase": 4,
            "numMultiplicadorLogaritmando": 2,
            "numMultiplicadorBase": 3,
            "resposta": " \u221a6\n4  "
        }
    ],
    "respostas": [
        {
            "letra": "a)",
            "resposta": "  4\u22c5\u221a3\n-4    ",
            "correta": "Nao",
            "tipoerro": "gerada aleatoriamente e negativa"
        },
        {
            "letra": "b)",
            "resposta": " \u221a6\n4  ",
            "correta": "Sim",
            "tipoerro": "nenhum"
        },
        {
            "letra": "c)",
            "resposta": "1048576",
            "correta": "Nao",
            "tipoerro": "gerada aleatoriamente e positiva"
        },
        {
            "letra": "d)",
            "resposta": "  \u221a14\n-4   ",
            "correta": "Nao",
            "tipoerro": "gerada aleatoriamente e negativa"
        },
        {
            "letra": "e)",
            "resposta": "  6\u22c5\u221a2\n-4    ",
            "correta": "Nao",
            "tipoerro": "gerada aleatoriamente e negativa"
        }
    ],
    "atributosquestao": [
        {
            "enunciado": "(Fuvest-modificada) O n\u00famero x > 1 tal que logx(16) = log64(x) \u00e9:",
            "corretaspossiveis": " \u221a6\n4  ",
            "corretas": 1,
            "aleatoriapositiva": 1,
            "aleatorianegativa": 3,
            "invertidapositiva": 0,
            "invertidanegativa": 0,
            "respostascorretas": "B"
        }
    ]
}