{
    "equacaoExponencial": [
        {
            "numBase": 5,
            "numMultiplicadorLogaritmando": 6,
            "numMultiplicadorBase": 2,
            "resposta": " 2\u22c5\u221a3\n5    "
        }
    ],
    "respostas": [
        {
            "letra": "a)",
            "resposta": "  \u221a70\n-5   ",
            "correta": "Nao",
            "tipoerro": "gerada aleatoriamente e negativa"
        },
        {
            "letra": "b)",
            "resposta": "  2\u22c5\u221a6\n-5    ",
            "correta": "Nao",
            "tipoerro": "gerada aleatoriamente e negativa"
        },
        {
            "letra": "c)",
            "resposta": " \u221a42\n5   ",
            "correta": "Nao",
            "tipoerro": "gerada aleatoriamente e positiva"
        },
        {
            "letra": "d)",
            "resposta": " 2\u22c5\u221a3\n5    ",
            "correta": "Sim",
            "tipoerro": "nenhum"
        },
        {
            "letra": "e)",
            "resposta": "-5",
            "correta": "Nao",
            "tipoerro": "invertida e negativa"
        }
    ],
    "atributosquestao": [
        {
            "enunciado": "(Fuvest-modificada) O n\u00famero x > 1 tal que logx(15625) = log25(x) \u00e9:",
            "corretaspossiveis": " 2\u22c5\u221a3\n5    ",
            "corretas": 1,
            "aleatoriapositiva": 1,
            "aleatorianegativa": 2,
            "invertidapositiva": 0,
            "invertidanegativa": 1,
            "respostascorretas": "D"
        }
    ]
}