{
    "equacaoExponencial": [
        {
            "numBase": 6,
            "numMultiplicadorLogaritmando": 7,
            "numMultiplicadorBase": 2,
            "resposta": " \u221a14\n6   "
        }
    ],
    "respostas": [
        {
            "letra": "a)",
            "resposta": "6",
            "correta": "Nao",
            "tipoerro": "invertida e positiva"
        },
        {
            "letra": "b)",
            "resposta": "  \u221a42\n-6   ",
            "correta": "Nao",
            "tipoerro": "gerada aleatoriamente e negativa"
        },
        {
            "letra": "c)",
            "resposta": " \u221a70\n6   ",
            "correta": "Nao",
            "tipoerro": "gerada aleatoriamente e positiva"
        },
        {
            "letra": "d)",
            "resposta": " \u221a14\n6   ",
            "correta": "Sim",
            "tipoerro": "nenhum"
        },
        {
            "letra": "e)",
            "resposta": " 3\u22c5\u221a7\n6    ",
            "correta": "Nao",
            "tipoerro": "gerada aleatoriamente e positiva"
        }
    ],
    "atributosquestao": [
        {
            "enunciado": "(Fuvest-modificada) O n\u00famero x > 1 tal que logx(279936) = log36(x) \u00e9:",
            "corretaspossiveis": " \u221a14\n6   ",
            "corretas": 1,
            "aleatoriapositiva": 2,
            "aleatorianegativa": 1,
            "invertidapositiva": 1,
            "invertidanegativa": 0,
            "respostascorretas": "D"
        }
    ]
}