{
    "equacaoExponencial": [
        {
            "numBase": 8,
            "numMultiplicadorLogaritmando": 10,
            "numMultiplicadorBase": 10,
            "resposta": "1073741824"
        }
    ],
    "respostas": [
        {
            "letra": "a)",
            "resposta": " 3\u22c5\u221a7\n8    ",
            "correta": "Nao",
            "tipoerro": "gerada aleatoriamente e positiva"
        },
        {
            "letra": "b)",
            "resposta": " 3\u22c5\u221a2\n8    ",
            "correta": "Nao",
            "tipoerro": "gerada aleatoriamente e positiva"
        },
        {
            "letra": "c)",
            "resposta": "  \u221a2\n-8  ",
            "correta": "Nao",
            "tipoerro": "invertida e negativa"
        },
        {
            "letra": "d)",
            "resposta": "1073741824",
            "correta": "Sim",
            "tipoerro": "nenhum"
        },
        {
            "letra": "e)",
            "resposta": "  \u221a30\n-8   ",
            "correta": "Nao",
            "tipoerro": "gerada aleatoriamente e negativa"
        }
    ],
    "atributosquestao": [
        {
            "enunciado": "(Fuvest-modificada) O n\u00famero x > 1 tal que logx(1073741824) = log1073741824(x) \u00e9:",
            "corretaspossiveis": "1073741824",
            "corretas": 1,
            "aleatoriapositiva": 2,
            "aleatorianegativa": 1,
            "invertidapositiva": 0,
            "invertidanegativa": 1,
            "respostascorretas": "D"
        }
    ]
}