{
    "equacaoExponencial": [
        {
            "numBase": 2,
            "numMultiplicadorLogaritmando": 8,
            "numMultiplicadorBase": 5,
            "resposta": " 2\u22c5\u221a10\n2     "
        }
    ],
    "respostas": [
        {
            "letra": "a)",
            "resposta": " 2\u22c5\u221a10\n2     ",
            "correta": "Sim",
            "tipoerro": "nenhum"
        },
        {
            "letra": "b)",
            "resposta": "  \u221a15\n-2   ",
            "correta": "Nao",
            "tipoerro": "gerada aleatoriamente e negativa"
        },
        {
            "letra": "c)",
            "resposta": "-16",
            "correta": "Nao",
            "tipoerro": "gerada aleatoriamente e negativa"
        },
        {
            "letra": "d)",
            "resposta": "2",
            "correta": "Nao",
            "tipoerro": "invertida e positiva"
        },
        {
            "letra": "e)",
            "resposta": "  \u221a70\n-2   ",
            "correta": "Nao",
            "tipoerro": "gerada aleatoriamente e negativa"
        }
    ],
    "atributosquestao": [
        {
            "enunciado": "(Fuvest-modificada) O n\u00famero x > 1 tal que logx(256) = log32(x) \u00e9:",
            "corretaspossiveis": " 2\u22c5\u221a10\n2     ",
            "corretas": 1,
            "aleatoriapositiva": 0,
            "aleatorianegativa": 3,
            "invertidapositiva": 1,
            "invertidanegativa": 0,
            "respostascorretas": "A"
        }
    ]
}