{
    "equacaoExponencial": [
        {
            "numBase": 3,
            "numMultiplicadorLogaritmando": 8,
            "numMultiplicadorBase": 3,
            "resposta": " 2\u22c5\u221a6\n3    "
        }
    ],
    "respostas": [
        {
            "letra": "a)",
            "resposta": "  \u221a10\n-3   ",
            "correta": "Nao",
            "tipoerro": "gerada aleatoriamente e negativa"
        },
        {
            "letra": "b)",
            "resposta": "-3",
            "correta": "Nao",
            "tipoerro": "invertida e negativa"
        },
        {
            "letra": "c)",
            "resposta": " 2\u22c5\u221a6\n3    ",
            "correta": "Sim",
            "tipoerro": "nenhum"
        },
        {
            "letra": "d)",
            "resposta": " \u221a35\n3   ",
            "correta": "Nao",
            "tipoerro": "gerada aleatoriamente e positiva"
        },
        {
            "letra": "e)",
            "resposta": " 2\u22c5\u221a15\n3     ",
            "correta": "Nao",
            "tipoerro": "gerada aleatoriamente e positiva"
        }
    ],
    "atributosquestao": [
        {
            "enunciado": "(Fuvest-modificada) O n\u00famero x > 1 tal que logx(6561) = log27(x) \u00e9:",
            "corretaspossiveis": " 2\u22c5\u221a6\n3    ",
            "corretas": 1,
            "aleatoriapositiva": 2,
            "aleatorianegativa": 1,
            "invertidapositiva": 0,
            "invertidanegativa": 1,
            "respostascorretas": "C"
        }
    ]
}