{
    "equacaoExponencial": [
        {
            "numBase": 9,
            "numMultiplicadorLogaritmando": 3,
            "numMultiplicadorBase": 7,
            "resposta": " \u221a21\n9   "
        }
    ],
    "respostas": [
        {
            "letra": "a)",
            "resposta": " \u221a21\n9   ",
            "correta": "Sim",
            "tipoerro": "nenhum"
        },
        {
            "letra": "b)",
            "resposta": " 2\u22c5\u221a10\n9     ",
            "correta": "Nao",
            "tipoerro": "gerada aleatoriamente e positiva"
        },
        {
            "letra": "c)",
            "resposta": " 4\u22c5\u221a3\n9    ",
            "correta": "Nao",
            "tipoerro": "gerada aleatoriamente e positiva"
        },
        {
            "letra": "d)",
            "resposta": " 3\u22c5\u221a3\n9    ",
            "correta": "Nao",
            "tipoerro": "gerada aleatoriamente e positiva"
        },
        {
            "letra": "e)",
            "resposta": " \u221a35\n9   ",
            "correta": "Nao",
            "tipoerro": "gerada aleatoriamente e positiva"
        }
    ],
    "atributosquestao": [
        {
            "enunciado": "(Fuvest-modificada) O n\u00famero x > 1 tal que logx(729) = log4782969(x) \u00e9:",
            "corretaspossiveis": " \u221a21\n9   ",
            "corretas": 1,
            "aleatoriapositiva": 4,
            "aleatorianegativa": 0,
            "invertidapositiva": 0,
            "invertidanegativa": 0,
            "respostascorretas": "A"
        }
    ]
}