{
    "equacaoExponencial": [
        {
            "numBase": 10,
            "numMultiplicadorLogaritmando": 7,
            "numMultiplicadorBase": 8,
            "resposta": "  2\u22c5\u221a14\n10     "
        }
    ],
    "respostas": [
        {
            "letra": "a)",
            "resposta": "1000000",
            "correta": "Nao",
            "tipoerro": "gerada aleatoriamente e positiva"
        },
        {
            "letra": "b)",
            "resposta": "   2\u22c5\u221a10\n-10     ",
            "correta": "Nao",
            "tipoerro": "gerada aleatoriamente e negativa"
        },
        {
            "letra": "c)",
            "resposta": "  2\u22c5\u221a14\n10     ",
            "correta": "Sim",
            "tipoerro": "nenhum"
        },
        {
            "letra": "d)",
            "resposta": "  3\u22c5\u221a2\n10    ",
            "correta": "Nao",
            "tipoerro": "gerada aleatoriamente e positiva"
        },
        {
            "letra": "e)",
            "resposta": "  \u221a70\n10   ",
            "correta": "Nao",
            "tipoerro": "gerada aleatoriamente e positiva"
        }
    ],
    "atributosquestao": [
        {
            "enunciado": "(Fuvest-modificada) O n\u00famero x > 1 tal que logx(10000000) = log100000000(x) \u00e9:",
            "corretaspossiveis": "  2\u22c5\u221a14\n10     ",
            "corretas": 1,
            "aleatoriapositiva": 3,
            "aleatorianegativa": 1,
            "invertidapositiva": 0,
            "invertidanegativa": 0,
            "respostascorretas": "C"
        }
    ]
}