{
    "equacaoExponencial": [
        {
            "numBase": 6,
            "numMultiplicadorLogaritmando": 10,
            "numMultiplicadorBase": 5,
            "resposta": " 5\u22c5\u221a2\n6    "
        }
    ],
    "respostas": [
        {
            "letra": "a)",
            "resposta": " 5\u22c5\u221a2\n6    ",
            "correta": "Sim",
            "tipoerro": "nenhum"
        },
        {
            "letra": "b)",
            "resposta": "  \u221a70\n-6   ",
            "correta": "Nao",
            "tipoerro": "gerada aleatoriamente e negativa"
        },
        {
            "letra": "c)",
            "resposta": "  \u221a15\n-6   ",
            "correta": "Nao",
            "tipoerro": "gerada aleatoriamente e negativa"
        },
        {
            "letra": "d)",
            "resposta": "  3\u22c5\u221a10\n-6     ",
            "correta": "Nao",
            "tipoerro": "gerada aleatoriamente e negativa"
        },
        {
            "letra": "e)",
            "resposta": "  \u221a42\n-6   ",
            "correta": "Nao",
            "tipoerro": "gerada aleatoriamente e negativa"
        }
    ],
    "atributosquestao": [
        {
            "enunciado": "(Fuvest-modificada) O n\u00famero x > 1 tal que logx(60466176) = log7776(x) \u00e9:",
            "corretaspossiveis": " 5\u22c5\u221a2\n6    ",
            "corretas": 1,
            "aleatoriapositiva": 0,
            "aleatorianegativa": 4,
            "invertidapositiva": 0,
            "invertidanegativa": 0,
            "respostascorretas": "A"
        }
    ]
}