{
    "equacaoExponencial": [
        {
            "numBase": 2,
            "numMultiplicadorLogaritmando": 2,
            "numMultiplicadorBase": 6,
            "resposta": " 2\u22c5\u221a3\n2    "
        }
    ],
    "respostas": [
        {
            "letra": "a)",
            "resposta": "  2\u22c5\u221a6\n-2    ",
            "correta": "Nao",
            "tipoerro": "gerada aleatoriamente e negativa"
        },
        {
            "letra": "b)",
            "resposta": " \u221a30\n2   ",
            "correta": "Nao",
            "tipoerro": "gerada aleatoriamente e positiva"
        },
        {
            "letra": "c)",
            "resposta": "  3\u22c5\u221a3\n-2    ",
            "correta": "Nao",
            "tipoerro": "gerada aleatoriamente e negativa"
        },
        {
            "letra": "d)",
            "resposta": " 2\u22c5\u221a3\n2    ",
            "correta": "Sim",
            "tipoerro": "nenhum"
        },
        {
            "letra": "e)",
            "resposta": "-4",
            "correta": "Nao",
            "tipoerro": "invertida e negativa"
        }
    ],
    "atributosquestao": [
        {
            "enunciado": "(Fuvest-modificada) O n\u00famero x > 1 tal que logx(4) = log64(x) \u00e9:",
            "corretaspossiveis": " 2\u22c5\u221a3\n2    ",
            "corretas": 1,
            "aleatoriapositiva": 1,
            "aleatorianegativa": 2,
            "invertidapositiva": 0,
            "invertidanegativa": 1,
            "respostascorretas": "D"
        }
    ]
}