{
    "equacaoExponencial": [
        {
            "numBase": 10,
            "numMultiplicadorLogaritmando": 8,
            "numMultiplicadorBase": 10,
            "resposta": "  4\u22c5\u221a5\n10    "
        }
    ],
    "respostas": [
        {
            "letra": "a)",
            "resposta": "   \u221a2\n-10  ",
            "correta": "Nao",
            "tipoerro": "invertida e negativa"
        },
        {
            "letra": "b)",
            "resposta": "  4\u22c5\u221a5\n10    ",
            "correta": "Sim",
            "tipoerro": "nenhum"
        },
        {
            "letra": "c)",
            "resposta": "   2\u22c5\u221a15\n-10     ",
            "correta": "Nao",
            "tipoerro": "gerada aleatoriamente e negativa"
        },
        {
            "letra": "d)",
            "resposta": "  3\u22c5\u221a7\n10    ",
            "correta": "Nao",
            "tipoerro": "gerada aleatoriamente e positiva"
        },
        {
            "letra": "e)",
            "resposta": "-1000000",
            "correta": "Nao",
            "tipoerro": "gerada aleatoriamente e negativa"
        }
    ],
    "atributosquestao": [
        {
            "enunciado": "(Fuvest-modificada) O n\u00famero x > 1 tal que logx(100000000) = log10000000000(x) \u00e9:",
            "corretaspossiveis": "  4\u22c5\u221a5\n10    ",
            "corretas": 1,
            "aleatoriapositiva": 1,
            "aleatorianegativa": 2,
            "invertidapositiva": 0,
            "invertidanegativa": 1,
            "respostascorretas": "B"
        }
    ]
}