{
    "equacaoExponencial": [
        {
            "numBase": 8,
            "numMultiplicadorLogaritmando": 8,
            "numMultiplicadorBase": 6,
            "resposta": " 4\u22c5\u221a3\n8    "
        }
    ],
    "respostas": [
        {
            "letra": "a)",
            "resposta": " 4\u22c5\u221a3\n8    ",
            "correta": "Sim",
            "tipoerro": "nenhum"
        },
        {
            "letra": "b)",
            "resposta": " \u221a70\n8   ",
            "correta": "Nao",
            "tipoerro": "gerada aleatoriamente e positiva"
        },
        {
            "letra": "c)",
            "resposta": "-64",
            "correta": "Nao",
            "tipoerro": "gerada aleatoriamente e negativa"
        },
        {
            "letra": "d)",
            "resposta": "  2\u22c5\u221a7\n-8    ",
            "correta": "Nao",
            "tipoerro": "gerada aleatoriamente e negativa"
        },
        {
            "letra": "e)",
            "resposta": "-8",
            "correta": "Nao",
            "tipoerro": "invertida e negativa"
        }
    ],
    "atributosquestao": [
        {
            "enunciado": "(Fuvest-modificada) O n\u00famero x > 1 tal que logx(16777216) = log262144(x) \u00e9:",
            "corretaspossiveis": " 4\u22c5\u221a3\n8    ",
            "corretas": 1,
            "aleatoriapositiva": 1,
            "aleatorianegativa": 2,
            "invertidapositiva": 0,
            "invertidanegativa": 1,
            "respostascorretas": "A"
        }
    ]
}