{
    "equacaoExponencial": [
        {
            "numBase": 8,
            "numMultiplicadorLogaritmando": 8,
            "numMultiplicadorBase": 5,
            "resposta": " 2\u22c5\u221a10\n8     "
        }
    ],
    "respostas": [
        {
            "letra": "a)",
            "resposta": "  \u221a30\n-8   ",
            "correta": "Nao",
            "tipoerro": "gerada aleatoriamente e negativa"
        },
        {
            "letra": "b)",
            "resposta": " \u221a70\n8   ",
            "correta": "Nao",
            "tipoerro": "gerada aleatoriamente e positiva"
        },
        {
            "letra": "c)",
            "resposta": " 4\u22c5\u221a5\n8    ",
            "correta": "Nao",
            "tipoerro": "gerada aleatoriamente e positiva"
        },
        {
            "letra": "d)",
            "resposta": " 2\u22c5\u221a10\n8     ",
            "correta": "Sim",
            "tipoerro": "nenhum"
        },
        {
            "letra": "e)",
            "resposta": "  2\u22c5\u221a15\n-8     ",
            "correta": "Nao",
            "tipoerro": "gerada aleatoriamente e negativa"
        }
    ],
    "atributosquestao": [
        {
            "enunciado": "(Fuvest-modificada) O n\u00famero x > 1 tal que logx(16777216) = log32768(x) \u00e9:",
            "corretaspossiveis": " 2\u22c5\u221a10\n8     ",
            "corretas": 1,
            "aleatoriapositiva": 2,
            "aleatorianegativa": 2,
            "invertidapositiva": 0,
            "invertidanegativa": 0,
            "respostascorretas": "D"
        }
    ]
}