{
    "equacaoExponencial": [
        {
            "numBase": 5,
            "numMultiplicadorLogaritmando": 4,
            "numMultiplicadorBase": 7,
            "resposta": " 2\u22c5\u221a7\n5    "
        }
    ],
    "respostas": [
        {
            "letra": "a)",
            "resposta": " \u221a6\n5  ",
            "correta": "Nao",
            "tipoerro": "gerada aleatoriamente e positiva"
        },
        {
            "letra": "b)",
            "resposta": " 2\u22c5\u221a15\n5     ",
            "correta": "Nao",
            "tipoerro": "gerada aleatoriamente e positiva"
        },
        {
            "letra": "c)",
            "resposta": " 2\u22c5\u221a7\n5    ",
            "correta": "Sim",
            "tipoerro": "nenhum"
        },
        {
            "letra": "d)",
            "resposta": "-125",
            "correta": "Nao",
            "tipoerro": "gerada aleatoriamente e negativa"
        },
        {
            "letra": "e)",
            "resposta": "  \u221a2\n-5  ",
            "correta": "Nao",
            "tipoerro": "invertida e negativa"
        }
    ],
    "atributosquestao": [
        {
            "enunciado": "(Fuvest-modificada) O n\u00famero x > 1 tal que logx(625) = log78125(x) \u00e9:",
            "corretaspossiveis": " 2\u22c5\u221a7\n5    ",
            "corretas": 1,
            "aleatoriapositiva": 2,
            "aleatorianegativa": 1,
            "invertidapositiva": 0,
            "invertidanegativa": 1,
            "respostascorretas": "C"
        }
    ]
}