{
    "equacaoExponencial": [
        {
            "numBase": 5,
            "numMultiplicadorLogaritmando": 3,
            "numMultiplicadorBase": 7,
            "resposta": " \u221a21\n5   "
        }
    ],
    "respostas": [
        {
            "letra": "a)",
            "resposta": "  \u221a15\n-5   ",
            "correta": "Nao",
            "tipoerro": "gerada aleatoriamente e negativa"
        },
        {
            "letra": "b)",
            "resposta": "  \u221a30\n-5   ",
            "correta": "Nao",
            "tipoerro": "gerada aleatoriamente e negativa"
        },
        {
            "letra": "c)",
            "resposta": "25",
            "correta": "Nao",
            "tipoerro": "gerada aleatoriamente e positiva"
        },
        {
            "letra": "d)",
            "resposta": "125",
            "correta": "Nao",
            "tipoerro": "gerada aleatoriamente e positiva"
        },
        {
            "letra": "e)",
            "resposta": " \u221a21\n5   ",
            "correta": "Sim",
            "tipoerro": "nenhum"
        }
    ],
    "atributosquestao": [
        {
            "enunciado": "(Fuvest-modificada) O n\u00famero x > 1 tal que logx(125) = log78125(x) \u00e9:",
            "corretaspossiveis": " \u221a21\n5   ",
            "corretas": 1,
            "aleatoriapositiva": 2,
            "aleatorianegativa": 2,
            "invertidapositiva": 0,
            "invertidanegativa": 0,
            "respostascorretas": "E"
        }
    ]
}