{
    "equacaoExponencial": [
        {
            "numBase": 5,
            "numMultiplicadorLogaritmando": 2,
            "numMultiplicadorBase": 6,
            "resposta": " 2\u22c5\u221a3\n5    "
        }
    ],
    "respostas": [
        {
            "letra": "a)",
            "resposta": " 3\u22c5\u221a6\n5    ",
            "correta": "Nao",
            "tipoerro": "gerada aleatoriamente e positiva"
        },
        {
            "letra": "b)",
            "resposta": " 2\u22c5\u221a3\n5    ",
            "correta": "Sim",
            "tipoerro": "nenhum"
        },
        {
            "letra": "c)",
            "resposta": "15625",
            "correta": "Nao",
            "tipoerro": "gerada aleatoriamente e positiva"
        },
        {
            "letra": "d)",
            "resposta": " 2\u22c5\u221a15\n5     ",
            "correta": "Nao",
            "tipoerro": "gerada aleatoriamente e positiva"
        },
        {
            "letra": "e)",
            "resposta": "  2\u22c5\u221a10\n-5     ",
            "correta": "Nao",
            "tipoerro": "gerada aleatoriamente e negativa"
        }
    ],
    "atributosquestao": [
        {
            "enunciado": "(Fuvest-modificada) O n\u00famero x > 1 tal que logx(25) = log15625(x) \u00e9:",
            "corretaspossiveis": " 2\u22c5\u221a3\n5    ",
            "corretas": 1,
            "aleatoriapositiva": 3,
            "aleatorianegativa": 1,
            "invertidapositiva": 0,
            "invertidanegativa": 0,
            "respostascorretas": "B"
        }
    ]
}